Join_Count,TARGET_FID,STATEFP,COUNTYFP,COUNTYNS,GEOIDFQ,GEOID,NAME,NAMELSAD,STUSPS,STATE_NAME,LSAD,ALAND,AWATER,ST,STATE,ST_ABBR,STCNTY,COUNTY,FIPS,LOCATION,AREA_SQMI,E_TOTPOP,M_TOTPOP,E_HU,M_HU,E_HH,M_HH,E_POV150,M_POV150,E_UNEMP,M_UNEMP,E_HBURD,M_HBURD,E_NOHSDP,M_NOHSDP,E_UNINSUR,M_UNINSUR,E_AGE65,M_AGE65,E_AGE17,M_AGE17,E_DISABL,M_DISABL,E_SNGPNT,M_SNGPNT,E_LIMENG,M_LIMENG,E_MINRTY,M_MINRTY,E_MUNIT,M_MUNIT,E_MOBILE,M_MOBILE,E_CROWD,M_CROWD,E_NOVEH,M_NOVEH,E_GROUPQ,M_GROUPQ,EP_POV150,MP_POV150,EP_UNEMP,MP_UNEMP,EP_HBURD,MP_HBURD,EP_NOHSDP,MP_NOHSDP,EP_UNINSUR,MP_UNINSUR,EP_AGE65,MP_AGE65,EP_AGE17,MP_AGE17,EP_DISABL,MP_DISABL,EP_SNGPNT,MP_SNGPNT,EP_LIMENG,MP_LIMENG,EP_MINRTY,MP_MINRTY,EP_MUNIT,MP_MUNIT,EP_MOBILE,MP_MOBILE,EP_CROWD,MP_CROWD,EP_NOVEH,MP_NOVEH,EP_GROUPQ,MP_GROUPQ,EPL_POV150,EPL_UNEMP,EPL_HBURD,EPL_NOHSDP,EPL_UNINSUR,SPL_THEME1,RPL_THEME1,EPL_AGE65,EPL_AGE17,EPL_DISABL,EPL_SNGPNT,EPL_LIMENG,SPL_THEME2,RPL_THEME2,EPL_MINRTY,SPL_THEME3,RPL_THEME3,EPL_MUNIT,EPL_MOBILE,EPL_CROWD,EPL_NOVEH,EPL_GROUPQ,SPL_THEME4,RPL_THEME4,SPL_THEMES,RPL_THEMES,F_POV150,F_UNEMP,F_HBURD,F_NOHSDP,F_UNINSUR,F_THEME1,F_AGE65,F_AGE17,F_DISABL,F_SNGPNT,F_LIMENG,F_THEME2,F_MINRTY,F_THEME3,F_MUNIT,F_MOBILE,F_CROWD,F_NOVEH,F_GROUPQ,F_THEME4,F_TOTAL,E_DAYPOP,E_NOINT,M_NOINT,E_AFAM,M_AFAM,E_HISP,M_HISP,E_ASIAN,M_ASIAN,E_AIAN,M_AIAN,E_NHPI,M_NHPI,E_TWOMORE,M_TWOMORE,E_OTHERRACE,M_OTHERRACE,EP_NOINT,MP_NOINT,EP_AFAM,MP_AFAM,EP_HISP,MP_HISP,EP_ASIAN,MP_ASIAN,EP_AIAN,MP_AIAN,EP_NHPI,MP_NHPI,EP_TWOMORE,MP_TWOMORE,EP_OTHERRACE,MP_OTHERRACE,GeoLevel,Comparison,STATE_NAME_1,STATE_ABBR,COUNTY_FIPS,COUNTY_NAME,RegionID,SizeRank,RegionName,RegionType,StateName,State,Metro,StateCodeFIPS,MunicipalCodeFIPS,2022-01-31,2022-02-28,2022-03-31,2022-04-30,2022-05-31,2022-06-30,2022-07-31,2022-08-31,2022-09-30,2022-10-31,2022-11-30,2022-12-31,LOCATION_1,CATEGORY,PATTERN,PERC_HOT,PERC_COLD,TREND_Z,TREND_P,TREND_BIN,SUM_VALUE,MIN_VALUE,MAX_VALUE,MEAN_VALUE,STD_VALUE,MED_VALUE,Shape_Length_1,Shape_Area_1,Shape_Length,Shape_Area,
8,1,12,123,295728,0500000US12123,12123,Taylor,Taylor County,FL,Florida,6,2702230205,1213570858,12,Florida,FL,12123,Taylor County,12123,"Taylor County, Florida",1043.336486,21421,0,11110,29,7465,395,5137,782,416,166,1463,329,2653,385,1500,396,4371,159,4188,117,3824,532,496,221,207,137,5978,177,71,78,4149,502,145,103,413,172,3054,57,28,4.3,5.8,2.3,19.6,4.3,16.7,2.4,8.2,2.2,20.4,0.7,19.6,0.5,20.8,2.9,6.6,2.9,1,0.7,27.9,0.8,0.7,0.7,37.3,4.5,2,0.9,5.5,2.2,14.3,0.3,0.697,0.6818,0.0909,0.7121,0.0758,2.2576,0.3939,0.4848,0.5152,0.8788,0.6212,0.2727,2.7727,0.7424,0.4091,0.4091,0.4091,0.1364,0.803,0.303,0.6364,0.9091,2.7879,0.5909,8.2273,0.5303,0,0,0,0,0,0,0,0,0,0,0,0,0,0,0,0,0,0,1,1,1,20814,1514,314,4328,153,888,0,26,37,45,35,71,125,481,199,139,96,20.3,4.3,20.2,0.7,4.1,0,0.1,0.2,0.2,0.2,0.3,0.6,2.2,0.9,0.6,0.4,County,State,Florida,FL,12123,Taylor County,1419,1785,Taylor County,county,FL,FL,0,12,123,176810.9441,178868.9423,181449.8967,185101.7881,189472.0704,194699.2052,198370.7096,199838.1505,198496.5018,196882.9778,194977.892,193585.1157,1022,-7,Oscillating Cold Spot,20,13.33333333,1.163811016,0.244500627,0,1,0,1,0.033333333,0.179505494,0,32186.9444,64749961.86,2.470285841,0.255225088,
11,2,12,17,295752,0500000US12017,12017,Citrus,Citrus County,FL,Florida,6,1507146172,981162732,12,Florida,FL,12017,Citrus County,12017,"Citrus County, Florida",581.9211274,155173,0,82142,69,67551,981,37101,2777,3827,688,15899,1137,11843,967,16469,1527,56413,103,22889,0,33132,1710,2511,483,1151,343,21340,433,1178,284,17019,818,856,233,3155,422,2767,37,24.4,1.8,7.2,1.2,23.5,1.6,9.6,0.8,10.8,1,36.4,0.1,14.8,0,21.7,1.1,3.7,0.7,0.8,0.2,13.8,0.3,1.4,0.3,20.7,1,1.3,0.3,4.7,0.6,1.8,0,0.5606,0.8939,0.3939,0.3485,0.2576,2.4545,0.5,0.9545,0.0606,0.9091,0.0909,0.197,2.2121,0.303,0.0152,0.0152,0.0152,0.2727,0.5909,0.1212,0.4091,0.303,1.6969,0.1364,6.3787,0.197,0,0,0,0,0,0,1,0,1,0,0,2,0,0,0,0,0,0,0,0,2,148035,7837,724,3305,663,9981,0,2128,301,435,147,42,46,4809,769,640,310,11.6,1.1,2.1,0.4,6.4,0,1.4,0.2,0.3,0.1,0,0.1,3.1,0.5,0.4,0.2,County,State,Florida,FL,12017,Citrus County,938,445,Citrus County,county,FL,FL,"Homosassa Springs, FL",12,17,245986.6079,251432.8224,257947.675,264754.5887,271381.7574,277789.4968,282215.883,284577.1368,284811.5851,284616.0114,284266.7499,283594.4959,2553,-7,Oscillating Cold Spot,16.66666667,53.33333333,1.903509209,0.056974133,1,2,0,1,0.066666667,0.249443826,0,32186.9444,64749961.86,2.104719823,0.158145442,
13,3,12,71,295758,0500000US12071,12071,Lee,Lee County,FL,Florida,6,2022848994,1900537643,12,Florida,FL,12071,Lee County,12071,"Lee County, Florida",781.0260427,772902,0,419916,177,311348,2302,149511,5446,15514,1187,91354,2801,57706,2439,98642,4538,223302,28,132836,0,106215,2997,14359,1225,42130,2430,275116,1670,69673,2187,40134,1473,6798,626,15906,1396,11851,238,19.6,0.7,4.5,0.3,29.3,0.9,9.9,0.4,12.8,0.6,28.9,0.1,17.2,0,13.8,0.4,4.6,0.4,5.7,0.3,35.6,0.2,16.6,0.5,9.6,0.4,2.2,0.1,5.1,0.4,1.5,0,0.303,0.303,0.7424,0.3939,0.5909,2.3332,0.4394,0.8485,0.2121,0.2273,0.2879,0.8182,2.394,0.4545,0.6364,0.6364,0.6364,0.7879,0.3636,0.4848,0.5152,0.2424,2.3939,0.4091,7.7575,0.4394,0,0,0,0,0,0,0,0,0,0,0,0,0,0,0,0,0,0,0,0,0,749039,30505,1558,59756,1329,178802,0,12661,498,558,136,374,70,18690,1767,4275,1420,9.8,0.5,7.7,0.2,23.1,0,1.6,0.1,0.1,0.1,0,0.1,2.4,0.2,0.6,0.2,County,State,Florida,FL,12071,Lee County,80,88,Lee County,county,FL,FL,"Cape Coral-Fort Myers, FL",12,71,343171.2941,352718.9373,364336.2268,376843.6217,389297.5521,400285.7271,407358.3617,410131.0083,409318.0207,407221.9094,404965.0152,403085.7556,5227,-7,Oscillating Cold Spot,26.66666667,50,-1.243562897,0.213660503,0,2,0,1,0.066666667,0.249443826,0,32186.9444,64749961.86,3.450995966,0.207899358,
14,4,12,101,295739,0500000US12101,12101,Pasco,Pasco County,FL,Florida,6,1933694371,694082239,12,Florida,FL,12101,Pasco County,12101,"Pasco County, Florida",746.6032652,569211,0,259083,111,223385,1394,112969,4356,13913,1106,61731,2089,38282,1785,62774,2749,126195,118,114850,73,92558,2402,12175,940,12451,1091,168590,881,16476,1124,46661,1419,3375,422,10769,905,8095,118,20.2,0.8,5.3,0.4,27.6,0.9,9.3,0.4,11.2,0.5,22.2,0.1,20.2,0.1,16.4,0.4,5.5,0.4,2.3,0.2,29.6,0.2,6.4,0.4,18,0.5,1.5,0.2,4.8,0.4,1.4,0,0.3333,0.5455,0.6515,0.303,0.3485,2.1818,0.3636,0.5455,0.6212,0.5,0.4697,0.6061,2.7425,0.7273,0.4848,0.4848,0.4848,0.5455,0.5152,0.197,0.4545,0.2273,1.9395,0.2273,7.3486,0.3636,0,0,0,0,0,0,0,0,0,0,0,0,0,0,0,0,0,0,0,0,0,459791,26343,1431,32118,1239,99192,0,16052,587,857,207,348,118,17867,1684,2156,725,11.8,0.6,5.6,0.2,17.4,0,2.8,0.1,0.2,0.1,0.1,0.1,3.1,0.3,0.4,0.1,County,State,Florida,FL,12101,Pasco County,669,123,Pasco County,county,FL,FL,"Tampa-St. Petersburg-Clearwater, FL",12,101,306308.22,313130.4715,321026.7515,330075.7989,339429.8963,348203.7418,354101.328,356895.1626,356725.6994,355262.3733,353385.4799,351315.9807,3178,-7,Oscillating Cold Spot,16.66666667,63.33333333,-1.095239096,0.273411919,0,5,0,1,0.166666667,0.372677996,0,32186.9444,64749961.86,2.29762871,0.182670651,
3,5,12,33,295737,0500000US12033,12033,Escambia,Escambia County,FL,Florida,6,1701606700,1213969803,12,Florida,FL,12033,Escambia County,12033,"Escambia County, Florida",656.9937524,321296,0,146123,275,126537,945,72116,3313,9275,924,37080,1639,20152,1257,35489,2217,56282,67,66849,109,51287,1860,8869,880,3887,640,119257,682,16428,1087,8687,735,2433,432,8689,913,18385,523,23.9,1.1,6.2,0.6,29.3,1.3,9.2,0.6,11.6,0.7,17.5,0.1,20.8,0.1,16.8,0.6,7,0.7,1.3,0.2,37.1,0.2,11.2,0.7,5.9,0.5,2,0.3,6.9,0.7,5.7,0.2,0.5152,0.8333,0.7424,0.2879,0.4242,2.803,0.6061,0.2879,0.697,0.5303,0.697,0.3636,2.5758,0.5758,0.6667,0.6667,0.6667,0.6515,0.1515,0.303,0.7879,0.6061,2.5,0.4697,8.5455,0.6061,0,0,0,0,0,0,0,0,0,0,0,0,0,0,0,0,0,0,0,0,0,340491,15133,964,69147,1464,19636,0,9296,673,646,151,282,103,19114,1810,1136,424,12,0.8,21.5,0.5,6.1,0,2.9,0.2,0.2,0.1,0.1,0.1,5.9,0.6,0.4,0.1,County,State,Florida,FL,12033,Escambia County,2259,224,Escambia County,county,FL,FL,"Pensacola-Ferry Pass-Brent, FL",12,33,246491.4753,250705.1035,255425.7746,260585.8897,265693.8281,270289.3977,273118.2506,274130.4682,273991.1673,273525.313,273204.4344,272758.7045,623,0,No Pattern Detected,23.33333333,10,1.305515608,0.191717336,0,1,0,1,0.033333333,0.179505494,0,32186.9444,64749961.86,3.730761014,0.181861431,
28,6,12,37,306911,0500000US12037,12037,Franklin,Franklin County,FL,Florida,6,1411539848,2270399638,12,Florida,FL,12037,Franklin County,12037,"Franklin County, Florida",544.9983592,12276,0,8415,22,4761,229,3591,543,414,202,1062,200,1905,316,1902,400,3103,58,1932,0,2507,371,149,88,164,129,2791,294,186,88,1409,233,98,81,316,123,1544,21,33.5,5.1,8.9,4.2,22.3,4.1,19.6,3.3,17.7,3.7,25.3,0.5,15.7,0,23.3,3.5,3.1,1.8,1.4,1.1,22.7,2.4,2.2,1,16.7,2.8,2.1,1,6.6,2.5,12.6,0.2,0.8333,0.9545,0.3182,0.8333,0.9242,3.8635,0.9091,0.7576,0.1061,0.9545,0.0303,0.4242,2.2727,0.3788,0.2273,0.2273,0.2273,0.3333,0.4848,0.4394,0.7424,0.8636,2.8635,0.6818,9.227,0.7879,0,1,0,0,1,2,0,0,1,0,0,1,0,0,0,0,0,0,0,0,3,11524,723,200,1321,168,674,0,44,52,9,16,0,23,557,265,186,213,15.2,4,10.8,1.4,5.5,0,0.4,0.4,0.1,0.1,0,0.4,4.5,2.2,1.5,1.7,County,State,Florida,FL,12037,Franklin County,2272,2331,Franklin County,county,FL,FL,0,12,37,405183.3132,412146.838,420295.8262,429462.1672,437588.8985,445744.6234,449875.7887,449579.1657,444989.1815,439819.8721,436256.2443,433176.9722,1274,7,Oscillating Hot Spot,60,10,2.891167435,0.003838136,3,21,0,3,0.7,0.86216781,0.5,32186.9444,64749961.86,4.119123588,0.137021154,
22,7,12,65,295733,0500000US12065,12065,Jefferson,Jefferson County,FL,Florida,6,1549018611,193063920,12,Florida,FL,12065,Jefferson County,12065,"Jefferson County, Florida",598.0791837,14458,0,6741,24,5519,238,3514,488,425,138,1039,220,1608,242,1322,299,3483,27,2480,10,2667,301,290,130,79,94,5704,70,28,22,2668,311,45,43,389,142,1195,22,26.7,3.7,6.7,2.1,18.8,3.9,14.9,2.2,10,2.2,24.1,0.2,17.2,0.1,20.2,2.3,5.3,2.3,0.6,0.7,39.5,0.5,0.4,0.3,39.6,4.6,0.8,0.6,7,2.5,8.3,0.2,0.6364,0.8485,0.0606,0.6515,0.1667,2.3637,0.4848,0.6818,0.2121,0.7879,0.3939,0.0758,2.1515,0.197,0.7121,0.7121,0.7121,0.0758,0.8485,0.0152,0.8485,0.7121,2.5001,0.4848,7.7274,0.4242,0,0,0,0,0,0,0,0,0,0,0,0,0,0,0,0,0,0,0,0,0,10263,1337,247,4629,145,646,0,33,37,13,17,4,9,299,137,80,70,24.2,4.1,32,1,4.5,0,0.2,0.3,0.1,0.1,0,0.1,2.1,1,0.6,0.5,County,State,Florida,FL,12065,Jefferson County,2735,2196,Jefferson County,county,FL,FL,"Tallahassee, FL",12,65,250490.8892,255422.9772,260717.2617,266100.2168,271089.3126,276301.1834,279643.5501,281432.737,281103.2551,280675.7012,280118.7125,280092.8004,485,0,No Pattern Detected,20,33.33333333,3.928780234,8.53778E-05,3,21,0,6,0.7,1.594783162,0,32186.9444,64749961.86,2.186189618,0.149045652,
17,8,12,107,306910,0500000US12107,12107,Putnam,Putnam County,FL,Florida,6,1886428661,255286691,12,Florida,FL,12107,Putnam County,12107,"Putnam County, Florida",728.3538291,73604,0,36183,59,29782,486,28154,1922,2520,475,7484,728,9242,728,12016,1048,17269,60,15663,12,13364,1080,1908,399,2082,420,21752,220,852,251,15254,638,769,265,2236,388,1368,19,39,2.7,8.9,1.6,25.1,2.4,17.6,1.4,16.6,1.4,23.5,0.1,21.3,0.1,18.4,1.5,6.4,1.3,3,0.6,29.6,0.3,2.4,0.7,42.2,1.8,2.6,0.7,7.5,1.3,1.9,0,0.9697,0.9545,0.5303,0.7727,0.9091,4.1363,0.9545,0.6212,0.7576,0.6212,0.5909,0.7121,3.303,0.9545,0.4848,0.4848,0.4848,0.3636,0.8939,0.5758,0.9242,0.3485,3.106,0.8333,11.0301,0.9394,1,1,0,0,1,3,0,0,0,0,0,0,0,0,0,0,0,1,0,1,4,67677,5158,682,11490,320,7727,0,417,95,181,84,0,35,1786,369,151,182,17.3,2.2,15.6,0.4,10.5,0,0.6,0.1,0.2,0.1,0,0.1,2.4,0.5,0.2,0.2,County,State,Florida,FL,12107,Putnam County,1338,759,Putnam County,county,FL,FL,"Palatka, FL",12,107,188880.3891,192126.7194,195541.2142,199136.1,203188.7637,208149.5559,211563.4802,212668.7664,211291.414,209528.574,207734.4592,205740.6202,1491,0,No Pattern Detected,10,43.33333333,2.275123605,0.022898516,2,1,0,1,0.033333333,0.179505494,0,32186.9442,64749961.06,2.236530831,0.199471763,
12,9,12,1,308548,0500000US12001,12001,Alachua,Alachua County,FL,Florida,6,2267910953,241291892,12,Florida,FL,12001,Alachua County,12001,"Alachua County, Florida",875.6449528,279729,0,123751,166,108597,1024,74755,3179,7111,929,35430,1602,10776,942,21942,1608,41025,55,49377,44,31832,1528,5737,753,2855,500,113055,722,25263,1454,8155,655,2089,447,7763,846,18471,379,28.4,1.2,5.1,0.7,32.6,1.4,6.4,0.6,7.9,0.6,14.7,0.1,17.7,0.1,11.5,0.6,5.2,0.7,1.1,0.2,40.4,0.3,20.4,1.2,6.6,0.5,2,0.4,7.1,0.8,6.6,0.1,0.7273,0.4848,0.9242,0.0455,0.0455,2.2273,0.3788,0.0909,0.2727,0.1061,0.3788,0.303,1.1515,0,0.7273,0.7273,0.7273,0.8788,0.1818,0.303,0.8788,0.6667,2.9091,0.7424,7.0152,0.2879,0,0,1,0,0,1,0,0,0,0,0,0,0,0,0,0,0,0,0,0,1,311372,13547,1191,53526,862,30387,0,16581,642,429,113,164,56,10564,1283,1404,545,12.5,1.1,19.1,0.3,10.9,0,5.9,0.2,0.2,0.1,0.1,0.1,3.8,0.5,0.5,0.2,County,State,Florida,FL,12001,Alachua County,1509,251,Alachua County,county,FL,FL,"Gainesville, FL",12,1,263710.405,268217.8106,273418.0958,278664.8937,283483.0457,287955.315,291192.8198,292956.4734,293347.3432,293365.8396,293250.3036,293016.2001,1485,0,No Pattern Detected,6.666666667,50,1.971317723,0.048687545,2,1,0,1,0.033333333,0.179505494,0,32186.9444,64749961.86,2.531934989,0.233864314,
31,10,12,129,306912,0500000US12129,12129,Wakulla,Wakulla County,FL,Florida,6,1570615734,804111188,12,Florida,FL,12129,Wakulla County,12129,"Wakulla County, Florida",606.4178761,33732,0,13843,25,11932,414,4866,1001,573,222,2695,507,2812,451,2165,606,5290,99,6949,66,4083,485,517,189,231,131,7486,277,9,34,4040,507,326,125,402,154,2916,44,15.8,3.3,3.6,1.4,22.6,4.2,11.6,1.9,7,2,15.7,0.3,20.6,0.2,13.2,1.6,4.3,1.6,0.7,0.4,22.2,0.8,0.1,0.2,29.2,3.7,2.7,0.9,3.4,1.3,8.6,0.1,0.0606,0.0758,0.3333,0.5303,0.0152,1.0152,0.0758,0.1364,0.6667,0.197,0.197,0.1061,1.3032,0.0152,0.1818,0.1818,0.1818,0.0152,0.6667,0.6061,0.0909,0.7424,2.1213,0.303,4.6215,0.0455,0,0,0,0,0,0,0,0,0,0,0,0,0,0,0,0,0,0,0,0,0,24444,1456,339,4905,176,1438,0,27,36,83,63,0,31,923,315,110,142,12.2,2.8,14.5,0.5,4.3,0,0.1,0.1,0.2,0.2,0,0.1,2.7,0.9,0.3,0.4,County,State,Florida,FL,12129,Wakulla County,2066,1388,Wakulla County,county,FL,FL,"Tallahassee, FL",12,129,249410.7858,253344.2967,258573.4781,264410.9236,269651.3359,274568.0766,277667.1195,279466.7507,279670.3551,279660.3357,279290.6844,278872.7584,921,7,Oscillating Hot Spot,60,6.666666667,3.409265076,0.000651382,3,7,0,1,0.233333333,0.422952585,0,32186.9444,64749961.86,2.304400684,0.152932633,
2,11,12,41,303633,0500000US12041,12041,Gilchrist,Gilchrist County,FL,Florida,6,905705571,14362143,12,Florida,FL,12041,Gilchrist County,12041,"Gilchrist County, Florida",349.6947324,18070,0,7579,27,6872,175,4024,666,244,95,1125,231,1807,283,2309,419,3628,47,3591,73,3451,507,505,142,298,127,2272,40,18,14,3677,298,192,92,516,144,1000,27,23.7,3.9,3.1,1.2,16.4,3.3,14,2.2,13.5,2.5,20.1,0.3,19.9,0.4,20.2,3,7.3,2.1,1.7,0.7,12.6,0.2,0.2,0.2,48.5,3.9,2.8,1.2,7.5,2.1,5.5,0.1,0.5,0.0152,0.0303,0.6061,0.6818,1.8334,0.2121,0.4545,0.5606,0.7879,0.7727,0.4848,3.0605,0.9091,0,0,0,0.0303,0.9545,0.6515,0.9242,0.5758,3.1363,0.8485,8.0302,0.4697,0,0,0,0,0,0,0,0,0,0,0,0,0,0,0,1,0,1,0,2,2,13831,1487,259,563,96,1125,0,47,39,11,11,3,5,505,95,18,21,21.6,3.8,3.1,0.5,6.2,0,0.3,0.2,0.1,0.1,0,0.1,2.8,0.5,0.1,0.1,County,State,Florida,FL,12041,Gilchrist County,2704,1996,Gilchrist County,county,FL,FL,"Gainesville, FL",12,41,245173.0282,250619.8427,257220.4258,263344.5484,268819.8795,274730.3851,278936.3093,280867.2928,280040.2271,278750.7337,277725.4242,277071.3374,1569,0,No Pattern Detected,0,43.33333333,1.21570604,0.224096945,0,2,0,2,0.066666667,0.359010987,0,32186.9442,64749961.06,1.418687999,0.085771579,
8,12,12,75,295724,0500000US12075,12075,Levy,Levy County,FL,Florida,6,2896264178,1224291300,12,Florida,FL,12075,Levy County,12075,"Levy County, Florida",1118.256196,43268,0,20972,36,17843,342,11943,1298,797,185,3857,508,3931,479,6702,867,10699,99,8430,31,8573,716,989,225,872,323,9594,229,259,116,9132,607,635,214,830,185,384,12,27.8,3,4.4,1,21.6,2.8,12.4,1.5,15.6,2,24.7,0.2,19.5,0.1,19.9,1.7,5.6,1.3,2.1,0.8,22.2,0.5,1.2,0.6,43.5,2.9,3.6,1,4.7,1,0.9,0,0.6818,0.2576,0.2727,0.5606,0.8636,2.6363,0.5303,0.7273,0.4697,0.7424,0.5,0.5758,3.0152,0.8788,0.1818,0.1818,0.1818,0.2424,0.9242,0.7576,0.4091,0.0455,2.3788,0.3788,8.2121,0.5152,0,0,0,0,0,0,0,0,0,0,0,0,0,0,0,1,0,0,0,1,1,34355,4117,497,3652,177,3992,0,354,66,76,61,0,31,1355,245,165,157,23.1,2.8,8.4,0.4,9.2,0,0.8,0.2,0.2,0.1,0,0.1,3.1,0.6,0.4,0.4,County,State,Florida,FL,12075,Levy County,234,1150,Levy County,county,FL,FL,"Gainesville, FL",12,75,251658.0329,256988.5619,262730.8687,268325.6883,273880.7199,279470.872,282310.4937,282302.3047,279787.0424,277943.7178,276558.2322,275811.9891,1921,0,No Pattern Detected,0,0,1.218702395,0.222957191,0,2,0,1,0.066666667,0.249443826,0,32186.9442,64749961.06,3.005817918,0.278200008,
11,13,12,57,295757,0500000US12057,12057,Hillsborough,Hillsborough County,FL,Florida,6,2648267124,790775123,12,Florida,FL,12057,Hillsborough County,12057,"Hillsborough County, Florida",1022.501233,1468560,0,606334,213,559970,2031,319187,7662,37194,1779,173842,3475,107998,3259,173403,4724,214615,58,320513,0,172007,3410,38879,1780,89271,3314,789103,1875,107137,2350,39670,1558,16710,1283,33085,1565,26086,271,22.1,0.5,4.8,0.2,31,0.6,10.7,0.3,11.9,0.3,14.6,0.1,21.8,0,11.8,0.2,7,0.3,6.5,0.2,53.7,0.1,17.7,0.4,6.5,0.3,3,0.2,5.9,0.3,1.8,0,0.4091,0.4242,0.8788,0.4697,0.5,2.6818,0.5455,0.0758,0.8333,0.1212,0.697,0.8788,2.6061,0.6061,0.8939,0.8939,0.8939,0.8333,0.1667,0.697,0.6667,0.303,2.6667,0.5303,8.8485,0.6667,0,0,0,0,0,0,0,0,0,0,0,0,0,0,0,0,0,0,0,0,0,1552621,44722,1891,228064,2339,439450,0,61154,1063,1688,295,936,235,48797,2822,9014,1663,8,0.3,15.5,0.2,29.9,0,4.2,0.1,0.1,0.1,0.1,0.1,3.3,0.2,0.6,0.1,County,State,Florida,FL,12057,Hillsborough County,3165,27,Hillsborough County,county,FL,FL,"Tampa-St. Petersburg-Clearwater, FL",12,57,334408.8692,343577.6867,354599.7689,366290.6747,377444.541,386912.8014,393209.1534,396069.3054,395811.3947,394049.8517,391533.4801,388669.6091,3533,0,No Pattern Detected,13.33333333,46.66666667,-0.179963651,0.857181105,0,1,0,1,0.033333333,0.179505494,0,32186.9444,64749961.86,3.073872175,0.25692498,
43,14,12,9,295749,0500000US12009,12009,Brevard,Brevard County,FL,Florida,6,2628759927,1403943647,12,Florida,FL,12009,Brevard County,12009,"Brevard County, Florida",1014.972544,610723,0,290314,143,246650,1940,108284,4669,13911,1057,64892,2118,33334,1706,60648,2826,146692,12,110393,0,98179,3283,10840,1031,7554,993,170891,1371,37276,1397,20843,970,3779,560,11511,827,7565,127,18,0.8,4.9,0.4,26.3,0.8,7.3,0.4,10,0.5,24,0.1,18.1,0,16.3,0.5,4.4,0.4,1.3,0.2,28,0.2,12.8,0.5,7.2,0.3,1.5,0.2,4.7,0.3,1.2,0,0.1667,0.4545,0.5909,0.0909,0.1667,1.4697,0.1667,0.6667,0.3182,0.4697,0.2273,0.3636,2.0455,0.1515,0.4242,0.4242,0.4242,0.6667,0.2424,0.197,0.4091,0.1818,1.697,0.1515,5.6364,0.1364,0,0,0,0,0,0,0,0,0,0,0,0,0,0,0,0,0,0,0,0,0,591383,21316,1113,56385,1649,69355,0,14281,983,773,177,460,103,25642,2034,3995,916,8.6,0.4,9.2,0.3,11.4,0,2.3,0.2,0.1,0.1,0.1,0.1,4.2,0.3,0.7,0.2,County,State,Florida,FL,12009,Brevard County,1556,111,Brevard County,county,FL,FL,"Palm Bay-Melbourne-Titusville, FL",12,9,310500.9856,317735.1663,326183.2386,335131.9079,343926.5501,351874.2596,357068.6985,359502.7115,359697.0005,359340.0774,358672.5495,357303.738,2747,0,No Pattern Detected,26.66666667,10,-0.857188415,0.391340773,0,1,0,1,0.033333333,0.179505494,0,32186.9444,64749961.86,3.011252008,0.308505848,
28,15,12,113,306914,0500000US12113,12113,Santa Rosa,Santa Rosa County,FL,Florida,6,2622106400,543294939,12,Florida,FL,12113,Santa Rosa County,12113,"Santa Rosa County, Florida",1012.400525,188994,0,76585,184,69524,676,29118,2500,3962,685,14503,1196,9823,1132,19457,2243,30867,91,41211,58,26804,1370,3448,479,1261,322,37742,813,3323,627,6487,633,1276,388,2439,505,5311,434,15.9,1.4,4.7,0.8,20.9,1.7,7.4,0.8,10.9,1.3,16.3,0.1,21.8,0.1,15,0.8,4.9,0.7,0.7,0.2,20,0.4,4.4,0.8,8.5,0.8,1.8,0.5,3.5,0.7,2.8,0.2,0.0758,0.3636,0.197,0.1061,0.303,1.0455,0.0909,0.1818,0.8333,0.3182,0.3636,0.1061,1.803,0.0606,0.1364,0.1364,0.1364,0.4848,0.303,0.2576,0.1061,0.5455,1.697,0.1515,4.6819,0.0606,0,0,0,0,0,0,0,0,0,0,0,0,0,0,0,0,0,0,0,0,0,146544,5555,844,10774,638,11652,0,3578,472,353,109,319,74,9496,1088,1570,679,8,1.2,5.7,0.3,6.2,0,1.9,0.2,0.2,0.1,0.2,0.1,5,0.6,0.8,0.4,County,State,Florida,FL,12113,Santa Rosa County,3026,360,Santa Rosa County,county,FL,FL,"Pensacola-Ferry Pass-Brent, FL",12,113,313725.5149,319704.3247,327085.6551,334522.6083,341270.5568,346903.7909,350260.8888,351597.7423,350849.1501,350059.7731,349174.3447,348530.2084,4,0,No Pattern Detected,23.33333333,40,1.270832385,0.20378831,0,1,0,1,0.033333333,0.179505494,0,32186.9444,64749961.86,2.62395253,0.280065464,
20,16,12,131,295727,0500000US12131,12131,Walton,Walton County,FL,Florida,6,2689179222,961275980,12,Florida,FL,12131,Walton County,12131,"Walton County, Florida",1038.297476,76618,0,56744,37,31491,969,13497,1590,1917,405,7492,827,4572,657,10146,1272,15309,141,15576,0,12032,1044,1677,458,844,301,12958,322,10906,1027,7373,702,842,307,1219,393,1584,18,18,2.1,5.3,1.1,23.8,2.5,8.1,1.2,13.5,1.7,20,0.2,20.3,0,16.1,1.4,5.3,1.4,1.2,0.4,16.9,0.4,19.2,1.8,13,1.2,2.6,0.5,3.9,1.2,2.1,0,0.1667,0.5455,0.4242,0.2121,0.6818,2.0303,0.2879,0.4394,0.6364,0.4394,0.3939,0.3182,2.2273,0.3182,0.0758,0.0758,0.0758,0.8485,0.4394,0.5758,0.197,0.3939,2.4546,0.4394,6.788,0.2576,0,0,0,0,0,0,0,0,0,0,0,0,0,0,0,0,0,0,0,0,0,75798,3201,514,2816,507,5067,0,847,179,254,102,0,35,3570,506,404,224,10.2,1.6,3.7,0.7,6.6,0,1.1,0.2,0.3,0.1,0,0.1,4.7,0.7,0.5,0.3,County,State,Florida,FL,12131,Walton County,1468,757,Walton County,county,FL,FL,"Crestview-Fort Walton Beach-Destin, FL",12,131,647357.9264,661431.6172,677413.6528,695421.8576,714820.2974,732230.1859,740730.2009,740683.2888,734552.8075,729714.4967,726805.161,724975.6066,103,-7,Oscillating Cold Spot,23.33333333,43.33333333,-0.788189643,0.430585793,0,2,0,1,0.066666667,0.249443826,0,32186.9442,64749961.06,2.648633417,0.279742834,
6,17,12,29,295725,0500000US12029,12029,Dixie,Dixie County,FL,Florida,6,1826030991,876346098,12,Florida,FL,12029,Dixie County,12029,"Dixie County, Florida",705.0342177,16737,0,9304,49,6164,338,4948,774,293,104,964,221,2408,363,2434,411,3969,93,2985,72,3905,389,170,96,106,116,2834,18,15,27,4707,338,297,117,314,139,1536,40,32.7,5.1,5.1,1.8,15.6,3.5,19.2,2.9,16,2.7,23.7,0.6,17.8,0.4,25.7,2.6,2.8,1.5,0.7,0.7,16.9,0.1,0.2,0.3,50.6,3.6,4.8,1.3,5.1,2.2,9.2,0.2,0.8182,0.4848,0.0152,0.8182,0.8788,3.0152,0.7273,0.6515,0.2879,1,0.0152,0.1061,2.0607,0.1667,0.0758,0.0758,0.0758,0.0303,0.9848,0.8939,0.5152,0.7727,3.1969,0.8939,8.3486,0.5606,0,0,0,0,0,0,0,0,1,0,0,1,0,0,0,1,0,0,0,1,2,14222,1701,380,1337,185,751,0,51,32,75,90,0,23,608,201,12,18,27.6,5.7,8,1.1,4.5,0,0.3,0.2,0.4,0.5,0,0.3,3.6,1.2,0.1,0.1,County,State,Florida,FL,12029,Dixie County,480,2056,Dixie County,county,FL,FL,0,12,29,191739.8438,195954.2553,200465.2,204798.8104,208728.3412,213455.484,215712.3691,215245.3156,211067.4013,206508.3053,202811.0822,200086.1812,1475,0,No Pattern Detected,0,0,0.334078854,0.738320057,0,1,0,1,0.033333333,0.179505494,0,32186.9444,64749961.86,2.184288755,0.17337909,
34,18,12,73,306916,0500000US12073,12073,Leon,Leon County,FL,Florida,6,1731219899,86414547,12,Florida,FL,12073,Leon County,12073,"Leon County, Florida",668.4274639,294128,0,134107,184,118755,1034,73303,3342,9021,858,39549,1680,11755,1013,23958,1665,41392,56,54119,46,34646,1522,8867,778,2377,434,132508,454,28027,1400,10255,771,2384,489,8141,654,17823,173,26.4,1.2,5.7,0.5,33.3,1.4,6.7,0.6,8.2,0.6,14.1,0.1,18.4,0.1,11.9,0.5,7.5,0.7,0.9,0.2,45.1,0.2,20.9,1,7.6,0.6,2,0.4,6.9,0.6,6.1,0.1,0.6212,0.6515,0.9394,0.0606,0.0758,2.3485,0.4697,0.0606,0.3636,0.1364,0.8485,0.2121,1.6212,0.0303,0.7879,0.7879,0.7879,0.8939,0.2576,0.303,0.7879,0.6212,2.8636,0.697,7.6212,0.4091,0,0,1,0,0,1,0,0,0,0,0,0,0,0,0,0,0,0,0,0,1,327057,11243,911,90250,1027,20385,0,10277,394,181,63,121,64,9999,1095,1295,451,9.5,0.8,30.7,0.3,6.9,0,3.5,0.1,0.1,0.1,0,0.1,3.4,0.4,0.4,0.2,County,State,Florida,FL,12073,Leon County,232,242,Leon County,county,FL,FL,"Tallahassee, FL",12,73,251115.2508,253864.8976,257217.763,261194.4381,265333.0631,269278.1994,271462.5891,271911.05,271070.2805,270308.3472,269677.0225,269306.5994,394,0,No Pattern Detected,23.33333333,40,3.15141052,0.001624839,3,1,0,1,0.033333333,0.179505494,0,32186.9444,64749961.86,2.430660117,0.170721429,
6,19,12,79,295731,0500000US12079,12079,Madison,Madison County,FL,Florida,6,1804001484,49634046,12,Florida,FL,12079,Madison County,12079,"Madison County, Florida",696.5285806,17986,0,8362,27,6693,233,5440,679,172,113,1641,307,2718,362,2067,422,4023,64,3239,155,2528,320,423,136,153,116,8244,157,75,49,3155,295,120,91,636,164,1912,28,33.8,4.2,2.7,1.8,24.5,4.5,19.8,2.6,12.8,2.6,22.4,0.4,18,0.9,15.7,2,6.3,2,0.9,0.7,45.8,0.9,0.9,0.6,37.7,3.5,1.8,1.1,9.5,2.4,10.6,0.2,0.8636,0,0.4697,0.8636,0.5909,2.7878,0.5909,0.5758,0.303,0.4242,0.5758,0.2121,2.0909,0.1818,0.8182,0.8182,0.8182,0.2121,0.8333,0.2576,0.9697,0.803,3.0757,0.8182,8.7726,0.6364,0,0,0,0,0,0,0,0,0,0,0,0,0,0,0,0,0,1,0,1,1,16401,2040,274,6436,152,1139,0,16,24,16,32,0,23,575,209,62,70,30.5,3.9,35.8,0.8,6.3,0,0.1,0.1,0.1,0.2,0,0.3,3.2,1.2,0.3,0.4,County,State,Florida,FL,12079,Madison County,1896,1976,Madison County,county,FL,FL,0,12,79,185280.236,189989.5713,194524.3359,198764.9927,202426.9187,206691.854,209117.2239,209659.8154,207141.7364,204207.4483,201460.8516,200734.303,583,0,No Pattern Detected,6.666666667,0,-1.030224897,0.302904459,0,1,0,1,0.033333333,0.179505494,0,32186.9444,64749961.86,2.156951386,0.174125765,
20,20,12,23,306909,0500000US12023,12023,Columbia,Columbia County,FL,Florida,6,2065197086,10207202,12,Florida,FL,12023,Columbia County,12023,"Columbia County, Florida",797.3767249,69832,0,29835,38,26391,427,18332,1351,2047,390,5583,622,6895,769,8594,837,13720,103,15466,41,13216,1023,1638,361,454,222,19949,260,1275,309,10791,669,943,273,1187,310,4475,40,28.2,2.1,6.9,1.3,21.2,2.3,14.2,1.6,13.2,1.3,19.6,0.1,22.1,0.1,20.2,1.6,6.2,1.4,0.7,0.3,28.6,0.4,4.3,1,36.2,2.2,3.6,0.9,4.5,1.2,6.4,0.1,0.7121,0.8788,0.2121,0.6212,0.6667,3.0909,0.7879,0.4091,0.8788,0.7879,0.5303,0.1061,2.7122,0.7121,0.4394,0.4394,0.4394,0.4697,0.7576,0.7576,0.3333,0.6515,2.9697,0.7727,9.2122,0.7727,0,0,0,0,0,0,0,0,0,0,0,0,0,0,0,0,0,0,0,0,0,69190,4025,537,11590,473,4730,0,659,157,67,39,21,32,2387,519,495,245,15.3,2,16.6,0.7,6.8,0,0.9,0.2,0.1,0.1,0,0.1,3.4,0.7,0.7,0.4,County,State,Florida,FL,12023,Columbia County,2212,784,Columbia County,county,FL,FL,"Lake City, FL",12,23,220394.6254,225666.953,231687.2924,236933.572,241469.6547,245776.6623,249123.7183,250935.8207,251321.451,251098.4842,250783.7819,249888.4408,591,7,Oscillating Hot Spot,30,23.33333333,3.850763425,0.00011775,3,1,0,1,0.033333333,0.179505494,0,32186.9444,64749961.86,2.595323728,0.19448436,
33,21,12,55,295756,0500000US12055,12055,Highlands,Highlands County,FL,Florida,6,2635726557,230667873,12,Florida,FL,12055,Highlands County,12055,"Highlands County, Florida",1017.659295,102339,0,57605,61,44685,983,27353,1820,2592,432,9531,777,10905,903,13239,1163,36571,81,17157,53,20544,1253,2042,421,3540,650,36249,503,1663,298,13319,854,1169,289,2343,397,2011,42,27.2,1.8,6.8,1.1,21.3,1.7,13.8,1.1,13.1,1.2,35.7,0.1,16.8,0.1,20.3,1.2,4.6,0.9,3.6,0.7,35.4,0.5,2.9,0.5,23.1,1.5,2.7,0.5,5.2,0.9,2,0,0.6515,0.8636,0.2273,0.5909,0.6515,2.9848,0.697,0.9394,0.197,0.8333,0.2879,0.7727,3.0303,0.8939,0.6212,0.6212,0.6212,0.4091,0.6061,0.6061,0.5758,0.3636,2.5607,0.5,9.197,0.7576,0,0,0,0,0,0,1,0,0,0,0,1,0,0,0,0,0,0,0,0,1,100690,7668,777,9165,400,22050,0,1440,133,117,84,18,22,2993,581,466,403,17.2,1.7,9,0.4,21.5,0,1.4,0.1,0.1,0.1,0,0.1,2.9,0.6,0.5,0.4,County,State,Florida,FL,12055,Highlands County,2724,603,Highlands County,county,FL,FL,"Sebring-Avon Park, FL",12,55,201294.6018,205322.6196,209685.8366,214233.3596,218790.4103,223539.5623,227321.0499,229713.0011,230437.1359,231066.316,231706.233,231869.0215,4165,0,No Pattern Detected,30,53.33333333,-0.196637694,0.844111071,0,1,0,1,0.033333333,0.179505494,0,32186.9444,64749961.86,2.844905364,0.261346979,
57,22,12,97,295748,0500000US12097,12097,Osceola,Osceola County,FL,Florida,6,3438317678,462146368,12,Florida,FL,12097,Osceola County,12097,"Osceola County, Florida",1327.54204,393745,0,156976,123,119817,1523,94039,5540,10702,1155,45040,2271,32217,2262,46140,3098,51913,150,94791,99,54605,2464,8855,1148,37079,2735,281353,837,21498,1252,11065,1040,5504,753,5403,786,2155,26,24.1,1.4,5.3,0.6,37.6,1.8,12.3,0.9,11.8,0.8,13.2,0.1,24.1,0.1,13.9,0.6,7.4,1,10,0.7,71.5,0.2,13.7,0.8,7,0.7,4.6,0.5,4.5,0.6,0.5,0,0.5303,0.5455,0.9848,0.5455,0.4697,3.0758,0.7576,0.0152,0.9697,0.2424,0.7879,0.9697,2.9849,0.8485,0.9848,0.9848,0.9848,0.697,0.197,0.8788,0.3333,0,2.1061,0.2879,9.1516,0.7424,0,0,1,0,0,1,0,1,0,0,1,2,1,1,0,0,0,0,0,0,4,319409,11621,1146,36629,1298,220780,0,10314,595,332,142,76,103,10588,1431,2634,868,9.7,0.9,9.3,0.3,56.1,0,2.6,0.2,0.1,0.1,0,0.1,2.7,0.4,0.7,0.2,County,State,Florida,FL,12097,Osceola County,1957,188,Osceola County,county,FL,FL,"Orlando-Kissimmee-Sanford, FL",12,97,323913.5231,332189.7235,342020.7056,352388.4231,362782.4668,372243.7808,379239.3947,383002.066,383944.2836,383272.4466,382235.8044,380829.9343,3275,-7,Oscillating Cold Spot,20,46.66666667,-1.375877753,0.168859484,0,2,0,1,0.066666667,0.249443826,0,32186.9444,64749961.86,3.345961882,0.357997969,
12,23,12,13,306919,0500000US12013,12013,Calhoun,Calhoun County,FL,Florida,6,1469394597,18070425,12,Florida,FL,12013,Calhoun County,12013,"Calhoun County, Florida",567.3361927,13753,0,5680,30,4448,227,4003,670,173,86,892,218,2079,307,2348,457,2518,98,2683,2,2881,445,310,115,86,93,3404,130,35,29,1961,270,178,102,303,126,1798,23,33.6,5.6,3.7,1.8,20.1,4.8,20.7,3,19.6,3.8,18.3,0.7,19.5,0.1,24.1,3.7,7,2.6,0.7,0.7,24.8,0.9,0.7,0.5,34.5,4.7,4,1.8,6.8,2.8,13.1,0.2,0.8485,0.1061,0.1364,0.8939,0.9545,2.9394,0.6818,0.3333,0.4697,0.9697,0.697,0.1061,2.5758,0.5758,0.2727,0.2727,0.2727,0.1364,0.7273,0.8182,0.7727,0.8788,3.3334,0.9697,9.1213,0.7121,0,0,0,0,1,1,0,0,1,0,0,1,0,0,0,0,0,0,0,0,2,11725,933,198,1707,140,874,0,31,36,146,87,0,23,558,210,88,97,21,4.3,12.4,1,6.4,0,0.2,0.3,1.1,0.6,0,0.4,4.1,1.5,0.6,0.7,County,State,Florida,FL,12013,Calhoun County,1571,2236,Calhoun County,county,FL,FL,0,12,13,151456.0183,154362.0588,158066.742,161278.032,163829.8513,167026.2017,169678.0137,171528.7979,172031.4152,172023.1851,171695.6772,170824.09,739,7,Oscillating Hot Spot,63.33333333,13.33333333,3.321605107,0.000895013,3,2,0,1,0.066666667,0.249443826,0,32186.9444,64749961.86,1.873035341,0.139662485,
45,24,12,77,308549,0500000US12077,12077,Liberty,Liberty County,FL,Florida,6,2164099095,19582444,12,Florida,FL,12077,Liberty County,12077,"Liberty County, Florida",835.5629884,7704,0,3118,171,2447,194,1927,357,227,127,475,120,1046,188,682,229,1066,156,1478,157,1526,247,244,105,45,84,2120,290,5,22,1264,198,36,36,189,87,1443,29,30.5,5.7,8.2,4.3,19.4,4.7,19,3.2,10.8,3.6,13.8,2,19.2,2,24.2,3.9,10,4.2,0.6,1.1,27.5,3.8,0.2,0.7,40.5,5.6,1.4,1.2,7.7,3.5,18.7,0.4,0.7879,0.9091,0.0758,0.803,0.2576,2.8334,0.6364,0.0455,0.4545,0.9848,1,0.0758,2.5606,0.5455,0.3788,0.3788,0.3788,0.0303,0.8788,0.1667,0.9545,0.9697,3,0.803,8.7728,0.6515,0,1,0,0,0,1,0,0,1,1,0,2,0,0,0,0,0,1,1,2,5,7151,598,140,1144,220,603,207,8,10,56,47,0,21,297,125,12,13,24.4,5.5,14.8,2.9,7.8,2.7,0.1,0.1,0.7,0.6,0,0.6,3.9,1.6,0.2,0.2,County,State,Florida,FL,12077,Liberty County,1858,2657,Liberty County,county,FL,FL,0,12,77,154369.8812,157319.2188,161034.5418,164876.5907,167792.6978,171156.7024,172887.6362,173439.8232,172205.9341,170554.1909,169083.3279,168705.9767,475,7,Oscillating Hot Spot,60,6.666666667,3.944751737,7.98827E-05,3,1,0,1,0.033333333,0.179505494,0,32186.9444,64749961.86,2.988380706,0.204676888,
4,25,12,125,306913,0500000US12125,12125,Union,Union County,FL,Florida,6,630804542,16049423,12,Florida,FL,12125,Union County,12125,"Union County, Florida",243.5548953,15524,0,4716,44,4094,150,2531,549,160,96,535,174,2449,372,1194,322,2639,152,3343,0,1880,283,308,146,49,89,4533,38,26,36,2142,276,251,160,150,77,4990,70,24.3,5.3,3.6,2.2,13.1,4.2,22.1,3.4,11.4,3.1,17,1,21.5,0,17.9,2.7,7.5,3.6,0.3,0.6,29.2,0.2,0.6,0.8,45.4,5.9,6.2,3.4,3.7,1.8,32.1,0.5,0.5455,0.0758,0,0.9242,0.3939,1.9394,0.2273,0.2424,0.7879,0.5758,0.8485,0.0152,2.4698,0.5,0.4697,0.4697,0.4697,0.0909,0.9394,0.9697,0.1667,1,3.1667,0.8788,8.0456,0.4848,0,0,0,1,0,1,0,0,0,0,0,0,0,0,0,1,1,0,1,3,4,16130,485,168,2577,239,889,0,18,23,37,27,0,23,992,241,20,23,11.8,4,16.6,1.5,5.7,0,0.1,0.1,0.2,0.2,0,0.3,6.4,1.6,0.1,0.1,County,State,Florida,FL,12125,Union County,762,2092,Union County,county,FL,FL,0,12,125,195810.7493,200991.5611,206995.1881,212515.706,217551.5335,222835.044,227752.1575,232237.9556,235376.2544,237388.4261,237706.5611,237173.5396,1127,0,No Pattern Detected,13.33333333,36.66666667,3.40500334,0.000661632,3,1,0,1,0.033333333,0.179505494,0,32186.9444,64749961.86,1.229485874,0.060521676,
25,26,12,69,308551,0500000US12069,12069,Lake,Lake County,FL,Florida,6,2466005448,529992538,12,Florida,FL,12069,Lake County,12069,"Lake County, Florida",951.8000302,386829,0,178098,170,153817,1494,69793,4010,9565,1293,41148,2007,27434,1721,39669,2640,103276,22,73351,56,62220,2442,6244,754,8374,1471,129328,1018,11887,1150,30826,1250,2562,430,6280,675,4256,47,18.3,1,5.5,0.7,26.8,1.3,9.6,0.6,10.4,0.7,26.7,0.1,19,0.1,16.3,0.6,4.1,0.5,2.3,0.4,33.4,0.3,6.7,0.6,17.3,0.7,1.7,0.2,4.1,0.4,1.1,0,0.2273,0.6061,0.6061,0.3485,0.2424,2.0304,0.303,0.7879,0.4394,0.4697,0.1364,0.6061,2.4395,0.4697,0.5909,0.5909,0.5909,0.5758,0.5,0.2424,0.2879,0.1364,1.7425,0.1818,6.8033,0.2727,0,0,0,0,0,0,0,0,0,0,0,0,0,0,0,0,0,0,0,0,0,333935,14817,1306,37681,1897,67297,0,7962,552,607,282,517,73,13288,2275,1976,597,9.6,0.8,9.7,0.5,17.4,0,2.1,0.1,0.2,0.1,0.1,0.1,3.4,0.6,0.5,0.2,County,State,Florida,FL,12069,Lake County,219,189,Lake County,county,FL,FL,"Orlando-Kissimmee-Sanford, FL",12,69,320526.1072,328249.1392,336794.6874,346029.7272,355038.0269,363441.7395,369076.053,371776.8755,371698.9812,370712.5291,369674.7502,368453.3916,2294,0,No Pattern Detected,20,36.66666667,2.893318487,0.003811945,3,3,0,1,0.1,0.3,0,32186.9444,64749961.86,3.110457705,0.276739966,
31,27,12,83,306922,0500000US12083,12083,Marion,Marion County,FL,Florida,6,4113994500,192281277,12,Florida,FL,12083,Marion County,12083,"Marion County, Florida",1588.421504,378225,0,179079,77,154996,1348,92045,4226,8887,954,39490,2053,30326,1807,46068,2685,109251,0,70465,0,60612,1942,8133,883,7436,1294,121385,648,6125,806,33947,1450,3500,549,7597,871,8763,80,25,1.1,5.9,0.6,25.5,1.3,10.8,0.6,12.4,0.7,28.9,0,18.6,0,16.4,0.5,5.3,0.6,2.1,0.4,32.1,0.2,3.4,0.5,19,0.8,2.2,0.3,4.9,0.6,2.3,0,0.5758,0.7576,0.5455,0.4848,0.5303,2.894,0.6667,0.8485,0.3939,0.5,0.3939,0.5758,2.7121,0.6818,0.5758,0.5758,0.5758,0.4394,0.5455,0.4848,0.4697,0.4394,2.3788,0.3788,8.5607,0.6212,0,0,0,0,0,0,0,0,0,0,0,0,0,0,0,0,0,0,0,0,0,368062,17603,1259,45305,984,56818,0,5890,527,485,163,47,43,11413,1301,1427,499,11.4,0.8,12,0.3,15,0,1.6,0.1,0.1,0.1,0,0.1,3,0.3,0.4,0.1,County,State,Florida,FL,12083,Marion County,1161,194,Marion County,county,FL,FL,"Ocala, FL",12,83,236790.8589,243225.9037,250722.7669,258326.2115,265452.7619,272064.4147,277110.0763,280274.593,281414.7841,281747.5244,281678.2516,281414.3433,1929,0,No Pattern Detected,16.66666667,40,2.883903326,0.003927793,3,1,0,1,0.033333333,0.179505494,0,32186.9444,64749961.86,3.328812872,0.399542166,
33,28,12,127,306921,0500000US12127,12127,Volusia,Volusia County,FL,Florida,6,2851876987,858119062,12,Florida,FL,12127,Volusia County,12127,"Volusia County, Florida",1101.115262,558520,0,273835,151,232673,1646,114478,4263,10601,999,71094,2452,34946,1673,63752,2900,138757,44,97528,26,95468,2755,12344,917,6762,818,173022,994,38943,1613,23084,1250,3532,510,13091,937,14061,332,21,0.8,4.2,0.4,30.6,1,8.4,0.4,11.6,0.5,24.8,0.1,17.5,0.1,17.3,0.5,5.4,0.4,1.3,0.2,31,0.2,14.2,0.6,8.4,0.5,1.5,0.2,5.6,0.4,2.5,0.1,0.3788,0.1667,0.8636,0.2576,0.4242,2.0909,0.3333,0.7424,0.2424,0.5455,0.4545,0.3636,2.3484,0.4394,0.5606,0.5606,0.5606,0.7121,0.2879,0.197,0.6515,0.4848,2.3333,0.3333,7.3332,0.3485,0,0,0,0,0,0,0,0,0,0,0,0,0,0,0,0,0,0,0,0,0,519903,28718,1683,57687,1092,87375,0,10294,539,816,230,127,67,14614,1438,2109,536,12.3,0.7,10.3,0.2,15.6,0,1.8,0.1,0.1,0.1,0,0.1,2.6,0.3,0.4,0.1,County,State,Florida,FL,12127,Volusia County,2063,127,Volusia County,county,FL,FL,"Deltona-Daytona Beach-Ormond Beach, FL",12,127,292092.6999,298881.4662,307142.594,315771.8577,324135.2905,331551.7362,336868.6985,339698.4688,340455.4593,340336.535,339841.3389,338822.3294,2028,0,No Pattern Detected,20,43.33333333,2.931220944,0.003376326,3,3,0,1,0.1,0.3,0,32186.9444,64749961.86,3.574868813,0.303801531,
10,29,12,31,293656,0500000US12031,12031,Duval,Duval County,FL,Florida,6,1975169546,403639667,12,Florida,FL,12031,Duval County,12031,"Duval County, Florida",762.6169124,995708,0,437330,269,396132,1952,226783,6164,23638,1437,124863,3257,63382,2614,113905,4807,146674,59,222816,0,126134,3111,31319,1622,25458,1956,496621,1993,84127,3322,17484,1266,8843,1018,28321,1640,23771,539,23.3,0.6,4.7,0.3,31.5,0.8,9.3,0.4,11.7,0.5,14.7,0.1,22.4,0,13,0.3,7.9,0.4,2.7,0.2,49.9,0.2,19.3,0.8,4,0.3,2.3,0.2,7.1,0.4,2.4,0.1,0.4697,0.3636,0.8939,0.303,0.4545,2.4847,0.5152,0.0909,0.9242,0.1818,0.8788,0.697,2.7727,0.7424,0.8788,0.8788,0.8788,0.8636,0.0758,0.5303,0.8788,0.4545,2.803,0.6212,8.9392,0.697,0,0,0,0,0,0,0,1,0,0,0,1,0,0,0,0,0,0,0,0,1,1125589,42301,2024,287418,2335,109800,0,46484,1434,1310,269,650,219,43762,2603,7197,1656,10.7,0.5,28.9,0.2,11,0,4.7,0.1,0.1,0.1,0.1,0.1,4.4,0.3,0.7,0.2,County,State,Florida,FL,12031,Duval County,489,49,Duval County,county,FL,FL,"Jacksonville, FL",12,31,271443.2202,278811.3796,287533.0221,295887.1199,302710.0699,308352.9437,312097.4335,314270.8297,315148.9747,315636.1814,315813.1668,314655.1286,513,0,No Pattern Detected,0,0,-0.285623626,0.775166406,0,1,0,1,0.033333333,0.179505494,0,32186.9444,64749961.86,2.362420648,0.205897218,
10,30,12,53,295751,0500000US12053,12053,Hernando,Hernando County,FL,Florida,6,1224975155,627920761,12,Florida,FL,12053,Hernando County,12053,"Hernando County, Florida",472.9684141,196621,0,89635,135,79169,689,44523,2596,4955,672,19727,1152,15671,1029,24448,1977,52781,83,36103,0,37013,1547,3796,508,2556,476,50756,595,2531,378,14276,602,1124,282,4010,403,2121,34,23,1.3,5.9,0.8,24.9,1.4,10.6,0.7,12.6,1,26.8,0.1,18.4,0,19,0.8,4.8,0.6,1.4,0.3,25.8,0.3,2.8,0.4,15.9,0.7,1.4,0.3,5.1,0.5,1.1,0,0.4394,0.7576,0.5,0.4394,0.5455,2.6819,0.5606,0.803,0.3636,0.6667,0.3182,0.4242,2.5757,0.5606,0.3182,0.3182,0.3182,0.3939,0.4697,0.1667,0.5152,0.1364,1.6819,0.1212,7.2577,0.3333,0,0,0,0,0,0,0,0,0,0,0,0,0,0,0,0,0,0,0,0,0,169591,7887,607,9677,514,30693,0,2438,301,412,113,211,203,5913,867,1412,416,10,0.8,4.9,0.3,15.6,0,1.2,0.2,0.2,0.1,0.1,0.1,3,0.4,0.7,0.2,County,State,Florida,FL,12053,Hernando County,2341,349,Hernando County,county,FL,FL,"Tampa-St. Petersburg-Clearwater, FL",12,53,268618.3837,276432.3635,285439.1108,294602.042,303682.0748,312428.3805,319192.3317,323140.7718,324049.5264,323011.1345,321064.1425,318692.4824,2907,-7,Oscillating Cold Spot,16.66666667,46.66666667,-1.132366042,0.257480594,0,1,0,1,0.033333333,0.179505494,0,32186.9442,64749961.06,1.928694087,0.118565102,
6,31,12,47,295736,0500000US12047,12047,Hamilton,Hamilton County,FL,Florida,6,1332018549,12330813,12,Florida,FL,12047,Hamilton County,12047,"Hamilton County, Florida",514.2950258,13492,0,5630,36,4300,208,3976,453,373,149,984,204,2285,245,1634,340,2564,60,2714,41,2101,334,341,104,206,140,6068,12,72,74,2408,235,141,91,258,92,2679,51,37.2,4.2,9.2,3.8,22.9,4.6,22.9,2.4,15.1,3.1,19,0.4,20.1,0.3,19.4,3.1,7.9,2.4,1.6,1.1,45,0.1,1.2,1.3,42.8,4.1,3.2,1.6,6,2.2,19.9,0.4,0.9394,0.9848,0.3636,0.9545,0.8182,4.0605,0.9394,0.3485,0.5909,0.7121,0.8788,0.4697,3,0.8636,0.7727,0.7727,0.7727,0.2424,0.9091,0.7121,0.697,0.9848,3.5454,1,11.3786,0.9545,1,1,0,1,0,3,0,0,0,0,0,0,0,0,0,1,0,0,1,2,5,12564,1102,168,4222,115,1445,0,69,58,100,40,0,23,232,93,0,23,25.6,3.7,31.3,0.9,10.7,0,0.5,0.4,0.7,0.3,0,0.4,1.7,0.7,0,0.4,County,State,Florida,FL,12047,Hamilton County,2315,2226,Hamilton County,county,FL,FL,0,12,47,152138.1013,156030.1033,161226.8445,166317.7841,171294.0458,176281.4788,180263.3143,182493.4338,183147.503,183068.5529,182646.6713,181996.4342,583,0,No Pattern Detected,6.666666667,0,-1.030224897,0.302904459,0,1,0,1,0.033333333,0.179505494,0,32186.9444,64749961.86,2.260752134,0.126274655,
7,32,12,117,303665,0500000US12117,12117,Seminole,Seminole County,FL,Florida,6,801287619,93136452,12,Florida,FL,12117,Seminole County,12117,"Seminole County, Florida",309.3792778,471321,0,194744,139,183487,905,74354,3533,11142,1045,54105,2125,20517,1351,47115,2453,75622,25,97621,49,53086,1760,11736,1049,13531,1197,202377,935,29514,1513,4535,444,4683,562,7222,707,4404,226,15.9,0.8,4.3,0.4,29.5,1.1,6.1,0.4,10.1,0.5,16,0.1,20.7,0.1,11.3,0.4,6.4,0.6,3,0.3,42.9,0.2,15.2,0.8,2.3,0.2,2.5,0.3,3.9,0.4,0.9,0,0.0758,0.1818,0.7727,0.0303,0.197,1.2576,0.1212,0.1667,0.6818,0.0758,0.5909,0.7121,2.2273,0.3182,0.7424,0.7424,0.7424,0.7727,0.0152,0.5606,0.197,0.0455,1.591,0.0909,5.8183,0.1515,0,0,0,0,0,0,0,0,0,0,0,0,0,0,0,0,0,0,0,0,0,463955,12685,1021,51947,1256,108146,0,23445,655,389,161,186,105,16126,1436,2138,726,6.9,0.6,11,0.3,22.9,0,5,0.1,0.1,0.1,0,0.1,3.4,0.3,0.5,0.2,County,State,Florida,FL,12117,Seminole County,2538,152,Seminole County,county,FL,FL,"Orlando-Kissimmee-Sanford, FL",12,117,340826.278,349119.4609,358761.1446,368399.2951,377111.5241,384767.9718,390090.7924,392847.8114,393353.6161,393105.3602,392729.733,392412.3355,2653,0,No Pattern Detected,16.66666667,16.66666667,1.485938364,0.137295425,0,3,0,1,0.1,0.3,0,32186.9444,64749961.86,1.532756812,0.082595203,
4,33,12,121,295729,0500000US12121,12121,Suwannee,Suwannee County,FL,Florida,6,1783430092,9505389,12,Florida,FL,12121,Suwannee County,12121,"Suwannee County, Florida",688.5859254,43881,0,18948,32,15453,448,11388,1409,995,307,3064,542,4883,662,5512,759,9281,278,9317,77,8701,823,700,240,493,207,11180,189,381,205,9491,679,425,163,919,295,1719,35,27.4,3.4,5.5,1.6,19.8,3.5,15.7,2.1,13,1.8,21.2,0.6,21.2,0.2,20.6,1.9,4.5,1.5,1.2,0.5,25.5,0.4,2,1.1,50.1,3.6,2.8,0.9,5.9,1.9,3.9,0.1,0.6667,0.6061,0.1212,0.6818,0.6212,2.697,0.5758,0.5303,0.7424,0.8636,0.2576,0.3182,2.7121,0.6818,0.303,0.303,0.303,0.303,0.9697,0.6515,0.6667,0.5606,3.1515,0.8636,8.8636,0.6818,0,0,0,0,0,0,0,0,0,0,0,0,0,0,0,1,0,0,0,1,1,37867,2601,522,4912,402,4547,0,245,109,9,13,0,31,1422,436,45,41,16.8,3.4,11.2,0.9,10.4,0,0.6,0.2,0,0.1,0,0.1,3.2,1,0.1,0.1,County,State,Florida,FL,12121,Suwannee County,2570,1121,Suwannee County,county,FL,FL,0,12,121,242046.4436,244808.713,247614.6476,251012.724,254821.4625,258846.8496,260594.026,260113.7786,256936.693,253406.3797,249948.8921,248342.2246,762,0,No Pattern Detected,6.666666667,23.33333333,1.880576177,0.060029595,1,1,0,1,0.033333333,0.179505494,0,32186.9444,64749961.86,2.116283525,0.167953969,
13,34,12,49,295746,0500000US12049,12049,Hardee,Hardee County,FL,Florida,6,1651297014,1472455,12,Florida,FL,12049,Hardee County,12049,"Hardee County, Florida",637.5690797,25528,0,9837,24,8127,303,9836,1194,852,225,2090,382,3658,474,3459,505,4007,93,6490,27,3418,350,605,266,1696,427,13903,116,293,178,2377,310,639,198,399,152,1954,33,41.6,5,8.7,2.2,25.7,4.6,22.1,2.9,14.5,2.1,15.7,0.4,25.4,0.1,14.3,1.5,7.4,3.3,7.1,1.8,54.5,0.5,2.9,1.8,24.2,3.1,7.8,2,4.9,1.9,7.7,0.1,1,0.9394,0.5758,0.9242,0.7879,4.2273,0.9697,0.1364,0.9848,0.2879,0.7879,0.8939,3.0909,0.9242,0.9091,0.9091,0.9091,0.4091,0.6212,1,0.4697,0.697,3.197,0.9091,11.4243,0.9697,1,1,0,1,0,3,0,1,0,0,0,1,1,1,0,0,1,0,0,1,6,24361,2092,309,1628,243,11310,0,270,44,3,6,0,28,645,264,47,73,25.7,3.7,6.4,1,44.3,0,1.1,0.2,0,0.1,0,0.2,2.5,1,0.2,0.3,County,State,Florida,FL,12049,Hardee County,1076,1624,Hardee County,county,FL,FL,"Wauchula, FL",12,49,177915.2635,182635.5326,187827.7299,191930.2691,194912.8607,197907.4852,200331.4594,202267.8988,202854.2596,202919.9711,202532.872,201883.5963,4158,-7,Oscillating Cold Spot,16.66666667,56.66666667,0.072243292,0.942408293,0,2,0,1,0.066666667,0.249443826,0,32186.9444,64749961.86,1.600178119,0.15095715,
46,35,12,105,295747,0500000US12105,12105,Polk,Polk County,FL,Florida,6,4657106267,549837376,12,Florida,FL,12105,Polk County,12105,"Polk County, Florida",1798.136532,736229,0,320023,212,264145,2039,185406,5644,15557,1203,75489,2511,66710,2043,94385,3995,146515,21,161066,70,102772,2512,16444,1108,34249,2091,335674,920,19116,1311,65545,1960,8827,858,13778,927,15321,409,25.7,0.8,4.6,0.4,28.6,0.9,13.1,0.4,13,0.5,19.9,0.1,21.9,0.1,14.1,0.3,6.2,0.4,4.9,0.3,45.6,0.1,6,0.4,20.5,0.6,3.3,0.3,5.2,0.4,2.1,0.1,0.5909,0.3182,0.7121,0.5758,0.6212,2.8182,0.6212,0.4242,0.8636,0.2576,0.5303,0.803,2.8787,0.7727,0.803,0.803,0.803,0.5303,0.5758,0.7273,0.5758,0.3939,2.8031,0.6515,9.303,0.8485,0,0,0,0,0,0,0,0,0,0,0,0,0,0,0,0,0,0,0,0,0,708238,38967,1685,105841,1532,192804,0,12503,667,1063,259,246,158,18896,1578,4321,955,14.8,0.6,14.4,0.2,26.2,0,1.7,0.1,0.1,0.1,0,0.1,2.6,0.2,0.6,0.1,County,State,Florida,FL,12105,Polk County,285,93,Polk County,county,FL,FL,"Lakeland-Winter Haven, FL",12,105,271579.1347,278947.262,287099.3586,295514.577,303172.5495,310270.0059,315304.698,318173.1275,318793.7583,318264.9415,317216.6664,315638.224,3269,-7,Oscillating Cold Spot,16.66666667,46.66666667,-0.734096179,0.462890128,0,17,0,4,0.566666667,1.085766498,0,32186.9444,64749961.86,3.714994679,0.477482995,
34,36,12,91,306915,0500000US12091,12091,Okaloosa,Okaloosa County,FL,Florida,6,2408331330,820578555,12,Florida,FL,12091,Okaloosa County,12091,"Okaloosa County, Florida",929.8615235,212021,0,101408,87,83334,894,37398,2497,3239,523,23247,1329,10188,912,22510,1691,34564,73,47292,0,30738,1313,4768,594,3626,782,60954,869,17226,859,4715,575,1809,363,3097,450,5278,88,18.1,1.2,3.3,0.5,27.9,1.6,7,0.6,11.4,0.8,16.3,0.1,22.3,0,15.6,0.7,5.7,0.7,1.8,0.4,28.7,0.4,17,0.8,4.6,0.6,2.1,0.4,3.7,0.5,2.5,0,0.2121,0.0303,0.6818,0.0758,0.3939,1.3939,0.1364,0.1818,0.9091,0.4091,0.5152,0.5152,2.5304,0.5303,0.4545,0.4545,0.4545,0.8182,0.1061,0.4394,0.1667,0.4848,2.0152,0.2424,6.394,0.2121,0,0,0,0,0,0,0,1,0,0,0,1,0,0,0,0,0,0,0,0,1,220608,7848,746,19679,787,21317,0,6784,472,250,83,237,126,11773,1169,914,302,9.4,0.9,9.3,0.4,10.1,0,3.2,0.2,0.1,0.1,0.1,0.1,5.6,0.6,0.4,0.1,County,State,Florida,FL,12091,Okaloosa County,2460,325,Okaloosa County,county,FL,FL,"Crestview-Fort Walton Beach-Destin, FL",12,91,332672.4536,338812.1363,345657.4654,352642.255,359561.1014,365381.7291,368706.8287,369269.8968,368319.9397,367406.7522,366811.58,366108.1873,7,0,No Pattern Detected,23.33333333,46.66666667,1.143404183,0.252870836,0,20,0,5,0.666666667,1.445298893,0,32186.9444,64749961.86,2.0282885,0.242536719,
6,37,12,89,295730,0500000US12089,12089,Nassau,Nassau County,FL,Florida,6,1680075565,200050173,12,Florida,FL,12089,Nassau County,12089,"Nassau County, Florida",648.680535,91538,0,42121,55,36336,604,12446,1482,1768,502,7531,746,5540,731,7139,1150,21041,98,17888,0,15736,1250,1744,412,389,213,13647,398,2732,374,7982,724,453,202,1102,287,885,30,13.7,1.6,4.1,1.2,20.7,2,8.2,1.1,7.9,1.3,23,0.1,19.5,0,17.4,1.4,4.8,1.1,0.4,0.2,14.9,0.4,6.5,0.9,19,1.7,1.2,0.5,3,0.8,1,0,0.0152,0.1515,0.1818,0.2424,0.0455,0.6364,0.0152,0.5909,0.4697,0.5606,0.3182,0.0455,1.9849,0.1364,0.0455,0.0455,0.0455,0.5606,0.5455,0.0606,0.0606,0.0909,1.3182,0.0303,3.985,0.0152,0,0,0,0,0,0,0,0,0,0,0,0,0,0,0,0,0,0,0,0,0,74876,2578,473,5001,350,4579,0,903,200,236,84,28,36,2458,587,442,267,7.1,1.3,5.5,0.4,5,0,1,0.2,0.3,0.1,0,0.1,2.7,0.6,0.5,0.3,County,State,Florida,FL,12089,Nassau County,1251,667,Nassau County,county,FL,FL,"Jacksonville, FL",12,89,405570.0894,415375.1045,427575.0674,439942.0388,451966.4166,462287.2787,468858.7513,471015.3767,469944.0071,468483.1029,467209.8786,465653.9774,243,0,No Pattern Detected,0,0,0.590537255,0.55483052,0,1,0,1,0.033333333,0.179505494,0,32186.9444,64749961.86,2.749529313,0.163214665,
11,38,12,39,306918,0500000US12039,12039,Gadsden,Gadsden County,FL,Florida,6,1337405282,31475262,12,Florida,FL,12039,Gadsden County,12039,"Gadsden County, Florida",516.3748542,43746,0,18946,45,15885,386,14519,1296,734,228,3745,489,6020,576,5828,770,8416,90,9673,0,8195,763,1339,286,1022,293,29866,127,212,127,5193,506,319,110,1555,309,3671,75,35.5,3.2,4.3,1.3,23.6,3,19.7,1.9,14.2,1.9,19.2,0.2,22.1,0,19.9,1.9,8.4,1.8,2.5,100,68.3,0.3,1.1,0.7,27.4,2.7,2,0.6,9.8,1.9,8.4,0.2,0.8939,0.1818,0.4091,0.8485,0.7576,3.0909,0.7879,0.3636,0.8788,0.7424,0.9394,0.6818,3.606,1,0.9545,0.9545,0.9545,0.2273,0.6364,0.303,1,0.7273,2.894,0.7273,10.5454,0.9091,0,0,0,0,0,0,0,0,0,1,0,1,1,1,0,0,0,1,0,1,3,41305,4467,467,23853,380,4874,0,17,22,144,130,0,31,943,354,35,35,28.1,2.8,54.5,0.9,11.1,0,0,0.1,0.3,0.3,0,0.1,2.2,0.8,0.1,0.1,County,State,Florida,FL,12039,Gadsden County,1717,1105,Gadsden County,county,FL,FL,"Tallahassee, FL",12,39,149342.4811,153022.979,157443.895,161700.7036,164863.8742,168208.9356,171522.0984,174804.8835,177004.7634,177837.1681,177750.8444,177142.9103,388,7,Oscillating Hot Spot,53.33333333,13.33333333,3.340351047,0.000836726,3,1,0,1,0.033333333,0.179505494,0,32186.9444,64749961.86,2.035685314,0.128731962,
18,39,12,95,295750,0500000US12095,12095,Orange,Orange County,FL,Florida,6,2338738374,260147532,12,Florida,FL,12095,Orange County,12095,"Orange County, Florida",902.9242877,1427403,0,565109,212,491378,2508,322345,8960,42585,2177,165959,3845,101997,3624,178889,5780,177634,148,308436,0,159150,4348,33609,1603,97361,4543,891681,2554,130475,3152,18204,1188,18127,1289,25710,1687,38077,364,23.2,0.6,5.5,0.3,33.8,0.8,10.6,0.4,12.6,0.4,12.4,0.1,21.6,0,11.2,0.3,6.9,0.3,7.2,0.3,62.5,0.2,23.1,0.6,3.2,0.2,3.7,0.2,5.2,0.3,2.7,0,0.4545,0.6061,0.9545,0.4394,0.5455,3,0.7121,0,0.8182,0.0606,0.6667,0.9091,2.4546,0.4848,0.9242,0.9242,0.9242,0.9242,0.0606,0.7879,0.5758,0.5303,2.8788,0.7121,9.2576,0.8182,0,0,1,0,0,1,0,0,0,0,1,1,1,1,1,0,0,0,0,1,4,1639906,38694,1803,276200,2739,469883,0,74033,1337,1186,315,1162,361,56818,3751,12399,1699,7.9,0.4,19.3,0.2,32.9,0,5.2,0.1,0.1,0.1,0.1,0.1,4,0.3,0.9,0.1,County,State,Florida,FL,12095,Orange County,1287,28,Orange County,county,FL,FL,"Orlando-Kissimmee-Sanford, FL",12,95,342194.1235,350555.0172,360189.2867,370129.1857,379399.6678,387531.8507,393053.0366,396108.6748,396860.9266,396754.7071,396239.1802,395167.0402,2741,0,No Pattern Detected,13.33333333,23.33333333,1.645219645,0.099924524,1,3,0,1,0.1,0.3,0,32186.9444,64749961.86,2.698382071,0.239594352,
23,40,12,45,306917,0500000US12045,12045,Gulf,Gulf County,FL,Florida,6,1433456928,624416742,12,Florida,FL,12045,Gulf County,12045,"Gulf County, Florida",553.4605864,15002,0,8984,57,5648,318,2891,461,238,116,1298,263,1695,267,1150,256,3493,100,2242,155,2851,395,311,137,76,104,3382,66,223,124,1657,274,125,73,227,128,2620,124,23.4,3.7,4.3,2.1,23,4.5,14.3,2.2,9.3,2.1,23.3,0.7,14.9,1,23,3.2,5.5,2.4,0.5,0.7,22.5,0.4,2.5,1.4,18.4,3,2.3,0.8,4,2.2,17.5,0.8,0.4848,0.1818,0.3788,0.6364,0.1212,1.803,0.1818,0.6061,0.0758,0.9394,0.4697,0.0606,2.1516,0.2121,0.2121,0.2121,0.2121,0.3788,0.5303,0.5303,0.2273,0.9545,2.6212,0.5152,6.7879,0.2424,0,0,0,0,0,0,0,0,1,0,0,1,0,0,0,0,0,0,1,1,2,13989,914,188,2218,89,590,0,57,37,39,31,0,23,467,128,11,19,16.2,3.2,14.8,0.6,3.9,0,0.4,0.2,0.3,0.2,0,0.3,3.1,0.9,0.1,0.1,County,State,Florida,FL,12045,Gulf County,169,2145,Gulf County,county,FL,FL,0,12,45,335223.2846,343411.5554,352580.5303,361049.2699,368873.4237,376388.2188,381151.0505,383951.922,385005.8578,386100.633,386962.8298,387541.2534,1003,0,No Pattern Detected,36.66666667,6.666666667,1.445813985,0.148229382,0,2,0,1,0.066666667,0.249443826,0,32186.9444,64749961.86,2.467807753,0.137470354,
20,41,12,15,295742,0500000US12015,12015,Charlotte,Charlotte County,FL,Florida,6,1764086777,689242503,12,Florida,FL,12015,Charlotte County,12015,"Charlotte County, Florida",681.1174328,189900,0,111330,74,84671,1102,35168,1917,4087,585,22854,1268,12712,916,19082,1510,76614,105,22419,0,40348,1932,2993,566,2437,521,33623,455,10433,805,12272,807,1067,247,3812,550,4007,94,18.9,1,5.7,0.8,27,1.5,8.1,0.6,10.2,0.8,40.3,0.1,11.8,0,21.7,1,3.5,0.7,1.3,0.3,17.7,0.2,9.4,0.7,11,0.7,1.3,0.2,4.5,0.6,2.1,0,0.2576,0.6515,0.6212,0.2121,0.2121,1.9545,0.2576,0.9848,0.0152,0.9091,0.0606,0.3636,2.3333,0.4091,0.1061,0.1061,0.1061,0.6212,0.3788,0.1212,0.3333,0.3939,1.8484,0.2121,6.2423,0.1818,0,0,0,0,0,0,1,0,1,0,0,2,0,0,0,0,0,0,0,0,2,180463,8565,831,9634,440,15266,0,2416,194,226,107,72,60,5347,651,662,262,10.1,1,5.1,0.2,8,0,1.3,0.1,0.1,0.1,0,0.1,2.8,0.3,0.3,0.1,County,State,Florida,FL,12015,Charlotte County,2650,359,Charlotte County,county,FL,FL,"Punta Gorda, FL",12,15,319749.6814,328078.9036,338018.4245,348684.2716,359772.1798,369741.0474,376395.7425,378949.1676,377983.3391,375934.7908,373787.0059,371619.5714,4875,-7,Oscillating Cold Spot,26.66666667,63.33333333,-1.487528453,0.136875294,0,2,0,1,0.066666667,0.249443826,0,32186.9444,64749961.86,2.559305085,0.174747554,
8,42,12,7,303634,0500000US12007,12007,Bradford,Bradford County,FL,Florida,6,761368539,16898784,12,Florida,FL,12007,Bradford County,12007,"Bradford County, Florida",293.9659156,27816,0,10771,47,9067,372,6787,1044,656,272,2576,453,3600,409,2615,430,4955,111,5474,62,4346,518,714,280,14,109,7633,118,530,200,3177,388,187,100,632,216,3769,55,28.4,4.4,5.8,2.4,28.4,4.9,17.9,2,10.9,1.8,17.8,0.4,19.7,0.2,18.1,2.2,7.9,3.1,0.1,0.4,27.4,0.4,4.9,1.9,29.5,3.6,2,0.9,7,2.3,13.5,0.2,0.7273,0.6818,0.697,0.7879,0.303,3.197,0.8485,0.303,0.5455,0.6061,0.8788,0,2.3334,0.4242,0.3636,0.3636,0.3636,0.5152,0.6818,0.303,0.8485,0.8939,3.2424,0.9394,9.1364,0.7273,0,0,0,0,0,0,0,0,0,0,0,0,0,0,0,0,0,0,0,0,0,24224,1496,301,4800,349,1315,0,260,8,17,16,0,28,1235,354,6,10,16.5,3.2,17.3,1.3,4.7,0,0.9,0.1,0.1,0.1,0,0.2,4.4,1.3,0,0.1,County,State,Florida,FL,12007,Bradford County,2148,1545,Bradford County,county,FL,FL,0,12,7,198624.0116,203851.9298,210096.3042,215735.6193,220961.1907,226317.2756,230469.9391,232280.0463,231407.9594,229787.2925,228301.3343,227038.7405,1221,0,No Pattern Detected,13.33333333,43.33333333,3.247366051,0.001164785,3,3,0,1,0.1,0.3,0,32186.9444,64749961.86,1.547870711,0.072745821,
0,43,12,103,295745,0500000US12103,12103,Pinellas,Pinellas County,FL,Florida,6,709091780,1535981840,12,Florida,FL,12103,Pinellas County,12103,"Pinellas County, Florida",273.7802,959918,0,516276,227,418716,2522,183629,5439,22435,1533,127341,2836,55868,2217,101670,3679,245332,47,150931,0,146750,3329,20259,1264,21073,1506,264800,1242,126015,2530,46611,1567,7834,725,28875,1326,22837,338,19.5,0.6,4.6,0.3,30.4,0.7,7.5,0.3,10.8,0.4,25.6,0.1,15.7,0,15.5,0.4,4.8,0.3,2.3,100,27.6,0.1,24.4,0.5,9,0.3,1.9,0.1,6.9,0.3,2.4,0,0.2879,0.3182,0.8333,0.1212,0.2576,1.8182,0.197,0.7727,0.1061,0.3939,0.3182,0.6061,2.197,0.2879,0.3939,0.3939,0.3939,0.9394,0.3333,0.2879,0.7879,0.4545,2.803,0.6212,7.2121,0.3182,0,0,0,0,0,0,0,0,0,0,0,0,0,0,1,0,0,0,0,1,1,964502,50021,1901,94392,1360,99956,0,33372,712,1192,220,705,130,31506,1618,3677,765,11.9,0.5,9.8,0.1,10.4,0,3.5,0.1,0.1,0.1,0.1,0.1,3.3,0.2,0.4,0.1,County,State,Florida,FL,12103,Pinellas County,2480,51,Pinellas County,county,FL,FL,"Tampa-St. Petersburg-Clearwater, FL",12,103,343477.4786,350923.7585,359828.1851,369449.3264,379051.5573,387953.896,393816.7842,396527.4016,396125.5081,394593.0959,392203.0712,389414.0859,,,,,,,,,,,,,,,,,2.290979476,0.077368037,
14,44,12,119,295740,0500000US12119,12119,Sumter,Sumter County,FL,Florida,6,1442996400,58752793,12,Florida,FL,12119,Sumter County,12119,"Sumter County, Florida",557.1406991,131832,0,76923,109,64305,1283,18318,1638,1541,364,12957,1169,8874,983,7391,902,76345,118,9405,68,22944,1611,1281,287,1172,290,20738,516,2748,716,9652,792,750,238,2231,454,8186,138,14.8,1.3,5.1,1.2,20.1,1.8,7.5,0.8,6,0.7,57.9,0.1,7.1,0.1,18.5,1.3,2,0.4,0.9,0.2,15.7,0.4,3.6,0.9,12.5,1,1.2,0.3,3.5,0.7,6.2,0.1,0.0455,0.4848,0.1364,0.1212,0,0.7879,0.0303,1,0,0.6364,0,0.2121,1.8485,0.0758,0.0606,0.0606,0.0606,0.4545,0.4091,0.0606,0.1061,0.6364,1.6667,0.1061,4.3637,0.0303,0,0,0,0,0,0,1,0,0,0,0,1,0,0,0,0,0,0,0,0,1,141600,6712,1072,8908,229,8062,0,1396,107,303,149,6,16,1465,366,598,471,10.4,1.6,6.8,0.2,6.1,0,1.1,0.1,0.2,0.1,0,0.1,1.1,0.3,0.5,0.4,County,State,Florida,FL,12119,Sumter County,1409,510,Sumter County,county,FL,FL,"The Villages, FL",12,119,363179.2811,372191.7952,382036.0701,393233.3232,404461.0729,414168.9097,420328.6107,422934.1532,422696.6437,421207.8559,419474.1446,417463.4106,2553,-7,Oscillating Cold Spot,16.66666667,53.33333333,1.903509209,0.056974133,1,2,0,1,0.066666667,0.249443826,0,32186.9444,64749961.86,2.138756154,0.138699962,
11,45,12,81,295744,0500000US12081,12081,Manatee,Manatee County,FL,Florida,6,1923744064,573084393,12,Florida,FL,12081,Manatee County,12081,"Manatee County, Florida",742.7614302,405069,0,208358,127,161656,1487,78356,4079,9669,909,44570,2048,28502,1516,48624,2872,114243,55,71417,47,58683,2043,6058,696,11806,1300,122435,509,29743,1439,29217,1333,3420,555,6389,727,5020,89,19.6,1,5.2,0.5,27.6,1.2,9.3,0.5,12.1,0.7,28.2,0.1,17.6,0.1,14.6,0.5,3.7,0.4,3,0.3,30.2,0.1,14.3,0.7,14,0.6,2.1,0.3,4,0.4,1.2,0,0.303,0.5303,0.6515,0.303,0.5152,2.303,0.4242,0.8333,0.2576,0.303,0.0909,0.7121,2.1969,0.2576,0.5303,0.5303,0.5303,0.7424,0.4545,0.4394,0.2273,0.1818,2.0454,0.2576,7.0756,0.303,0,0,0,0,0,0,0,0,0,0,0,0,0,0,0,0,0,0,0,0,0,375422,16097,1315,32273,863,68333,0,8880,462,505,183,136,83,11222,1045,1086,397,10,0.8,8,0.2,16.9,0,2.2,0.1,0.1,0.1,0,0.1,2.8,0.3,0.3,0.1,County,State,Florida,FL,12081,Manatee County,1916,180,Manatee County,county,FL,FL,"North Port-Sarasota-Bradenton, FL",12,81,391281.0666,402782.6294,417187.7281,432832.3749,448139.3941,461020.2049,468903.3113,471790.1775,470237.2325,467347.8104,464508.5941,462361.6086,4158,-7,Oscillating Cold Spot,16.66666667,56.66666667,0.072243292,0.942408293,0,2,0,1,0.066666667,0.249443826,0,32186.9444,64749961.86,2.241253175,0.188139732,
4,46,12,63,295734,0500000US12063,12063,Jackson,Jackson County,FL,Florida,6,2378205370,94103479,12,Florida,FL,12063,Jackson County,12063,"Jackson County, Florida",918.2298494,47704,0,20022,74,16880,324,12622,1117,804,248,3625,460,5496,573,4037,508,10058,123,8922,64,8277,649,1439,267,523,170,16599,140,145,62,5579,383,203,97,873,178,7108,89,31.2,2.8,4.7,1.5,21.5,2.7,15.8,1.6,9.8,1.2,21.1,0.3,18.7,0.1,20.1,1.6,8.5,1.6,1.2,0.4,34.8,0.3,0.7,0.3,27.9,1.9,1.2,0.5,5.2,1,14.9,0.2,0.803,0.3636,0.2576,0.697,0.1515,2.2727,0.4091,0.5152,0.4091,0.7727,0.9545,0.3182,2.9697,0.8333,0.6061,0.6061,0.6061,0.1364,0.6515,0.0606,0.5758,0.9242,2.3485,0.3636,8.197,0.5,0,0,0,0,0,0,0,0,0,1,0,1,0,0,0,0,0,0,1,1,2,47446,3527,392,12216,307,2457,0,270,95,169,91,91,98,1315,355,81,86,20.9,2.3,25.6,0.6,5.2,0,0.6,0.2,0.4,0.2,0.2,0.2,2.8,0.7,0.2,0.2,County,State,Florida,FL,12063,Jackson County,1794,1034,Jackson County,county,FL,FL,0,12,63,159937.2573,162692.6829,166434.4513,169948.2997,172901.4845,176371.8587,179055.9173,180991.0146,180920.346,180196.2779,179050.0265,177395.1597,117,0,No Pattern Detected,0,0,-1.537999598,0.124048713,0,2,0,1,0.066666667,0.249443826,0,32186.9442,64749961.06,2.225262861,0.233010193,
63,47,12,21,295754,0500000US12021,12021,Collier,Collier County,FL,Florida,6,5171811319,1575210652,12,Florida,FL,12021,Collier County,12021,"Collier County, Florida",1996.846694,380221,0,229814,119,156768,2091,65160,3984,7238,1152,44957,1907,30512,1774,44493,2538,124784,76,63332,20,43042,1751,6635,830,27041,1891,146312,634,63061,2047,11189,876,6256,676,7270,949,4502,70,17.3,1.1,4.3,0.7,28.7,1.2,10.5,0.6,11.8,0.7,32.8,0.1,16.7,0.1,11.4,0.5,4.2,0.5,7.4,0.5,38.5,0.2,27.4,0.9,4.9,0.4,4,0.3,4.6,0.6,1.2,0,0.1364,0.1818,0.7273,0.4242,0.4697,1.9394,0.2273,0.9091,0.1818,0.0909,0.1515,0.9242,2.2575,0.3636,0.697,0.697,0.697,0.9697,0.1212,0.8182,0.3939,0.1818,2.4848,0.4545,7.3787,0.3788,0,0,0,0,0,0,1,0,0,0,1,2,0,0,1,0,0,0,0,1,3,378225,14560,1215,24232,722,108822,0,5338,362,227,147,4,8,6825,944,864,463,9.3,0.7,6.4,0.2,28.6,0,1.4,0.1,0.1,0.1,0,0.1,1.8,0.2,0.2,0.1,County,State,Florida,FL,12021,Collier County,1638,191,Collier County,county,FL,FL,"Naples-Marco Island, FL",12,21,504474.4277,520204.5235,539439.0296,560100.6807,579710.7912,595943.1894,604714.2412,607240.3418,604475.5609,601701.215,599817.452,599377.4654,5502,-7,Oscillating Cold Spot,20,60,-1.054356212,0.291719877,0,3,0,1,0.1,0.3,0,32186.9444,64749961.86,3.379537634,0.491605717,
32,48,12,11,295753,0500000US12011,12011,Broward,Broward County,FL,Florida,6,3115520735,273292460,12,Florida,FL,12011,Broward County,12011,"Broward County, Florida",1202.908789,1940907,0,859621,309,741973,2621,402237,10517,60132,2324,271861,4969,138313,3625,268016,7560,335342,93,405002,18,213876,4286,51275,2117,136524,4382,1299607,2328,307284,4134,23268,1514,32926,1463,51202,1998,18434,226,20.9,0.5,5.8,0.2,36.6,0.7,10,0.3,13.9,0.4,17.3,0.1,20.9,0.1,11.1,0.2,6.9,0.3,7.4,0.2,67,0.1,35.8,0.5,2.7,0.2,4.4,0.2,6.9,0.3,0.9,0,0.3485,0.6818,0.9697,0.4091,0.7424,3.1515,0.8333,0.2576,0.7273,0.0455,0.6667,0.9242,2.6213,0.6515,0.9394,0.9394,0.9394,0.9848,0.0303,0.8485,0.7879,0.0455,2.697,0.5606,9.4092,0.8636,0,0,1,0,0,1,0,0,0,0,1,1,1,1,1,0,0,0,0,1,4,1844999,75275,2582,534904,3222,610462,0,69448,1152,2695,375,1037,151,65843,3711,15218,1590,10.1,0.3,27.6,0.2,31.5,0,3.6,0.1,0.1,0.1,0.1,0.1,3.4,0.2,0.8,0.1,County,State,Florida,FL,12011,Broward County,1561,17,Broward County,county,FL,FL,"Miami-Fort Lauderdale-Pompano Beach, FL",12,11,355580.4084,362801.876,370805.0704,379572.418,388107.5029,396321.6189,402316.2288,405964.9425,407280.8801,408125.0969,409448.6877,411116.7181,5693,-6,Sporadic Cold Spot,0,40,-0.017904785,0.985714812,0,1,0,1,0.033333333,0.179505494,0,32186.9444,64749961.86,2.339637545,0.286415258,
11,49,12,61,307624,0500000US12061,12061,Indian River,Indian River County,FL,Florida,6,1301540085,295514461,12,Florida,FL,12061,Indian River County,12061,"Indian River County, Florida",502.5272299,160986,0,83801,57,65735,1015,29520,2703,3931,742,16341,1045,10785,1135,17740,1575,54589,108,24668,41,25769,1533,2894,509,2698,657,42692,552,11918,870,5953,588,795,249,2854,506,1672,30,18.5,1.7,5.9,1.1,24.9,1.5,8.6,0.9,11.1,1,33.9,0.1,15.3,0.1,16.2,1,4.4,0.8,1.7,0.4,26.5,0.3,14.2,1,7.1,0.7,1.2,0.3,4.3,0.8,1,0,0.2424,0.7576,0.5,0.2727,0.3333,2.106,0.3485,0.9242,0.0909,0.4545,0.2273,0.4848,2.1817,0.2424,0.3333,0.3333,0.3333,0.7121,0.2273,0.0606,0.303,0.0909,1.3939,0.0606,6.0149,0.1667,0,0,0,0,0,0,1,0,0,0,0,1,0,0,0,0,0,0,0,0,1,155350,8467,890,13139,720,21240,0,2446,335,470,138,55,81,4438,964,904,390,12.9,1.4,8.2,0.4,13.2,0,1.5,0.2,0.3,0.1,0,0.1,2.8,0.6,0.6,0.2,County,State,Florida,FL,12061,Indian River County,3168,423,Indian River County,county,FL,FL,"Sebastian-Vero Beach, FL",12,61,327196.0737,335526.5715,344922.4868,354678.3349,364077.0037,372764.8992,378723.0113,381691.6608,381981.17,381270.807,380469.2343,379379.9107,3905,0,No Pattern Detected,26.66666667,46.66666667,-0.0893237,0.928824659,0,6,0,1,0.2,0.4,0,32186.9444,64749961.86,1.613008717,0.127834513,
28,50,12,5,295738,0500000US12005,12005,Bay,Bay County,FL,Florida,6,1964760713,1834028527,12,Florida,FL,12005,Bay County,12005,"Bay County, Florida",758.5980385,181055,0,104428,65,74678,1150,37349,2376,3575,499,22029,1303,12469,960,24179,1838,32777,109,37708,0,34286,1588,5011,571,3099,560,45312,567,21822,1201,12296,872,2098,402,2971,441,2654,43,20.9,1.3,4,0.6,29.5,1.7,9.6,0.7,13.7,1,18.1,0.1,20.8,0,19.5,0.9,6.7,0.8,1.8,0.3,25,0.3,20.9,1.2,11.8,0.8,2.8,0.4,4,0.6,1.5,0,0.3485,0.1364,0.7727,0.3485,0.7273,2.3334,0.4545,0.3182,0.697,0.7273,0.6364,0.5152,2.8941,0.803,0.2879,0.2879,0.2879,0.8939,0.3939,0.6515,0.2273,0.2424,2.409,0.4242,7.9244,0.4545,0,0,0,0,0,0,0,0,0,0,0,0,0,0,0,0,0,0,0,0,0,178356,7029,779,18507,691,12980,0,3681,359,405,150,237,43,8267,836,1235,650,9.4,1,10.2,0.4,7.2,0,2,0.2,0.2,0.1,0.1,0.1,4.6,0.5,0.7,0.4,County,State,Florida,FL,12005,Bay County,67,371,Bay County,county,FL,FL,"Panama City, FL",12,5,307389.4903,314997.7323,324081.4732,332645.5954,339920.8284,346116.127,350213.5779,351895.8991,351646.0204,351432.7896,351571.7201,351745.0124,557,-7,Oscillating Cold Spot,6.666666667,43.33333333,0,1,0,1,0,1,0.033333333,0.179505494,0,32186.9444,64749961.86,2.250839983,0.214293124,
22,51,12,87,295759,0500000US12087,12087,Monroe,Monroe County,FL,Florida,6,2546045482,11153864045,12,Florida,FL,12087,Monroe County,12087,"Monroe County, Florida",983.0329465,82044,0,54034,76,34388,592,14563,1255,1479,288,10426,769,4993,533,12280,889,19297,91,12862,34,8601,719,1553,319,4815,721,29705,208,7022,592,4778,431,1542,293,2307,365,1662,43,18,1.5,3.4,0.6,30.3,2.2,7.8,0.8,15.4,1.1,23.5,0.1,15.7,0.1,10.8,0.9,4.5,0.9,6.1,0.9,36.2,0.3,12.9,1.1,8.8,0.8,4.5,0.5,6.7,1,2,0.1,0.1667,0.0455,0.8182,0.197,0.8485,2.0759,0.3182,0.6212,0.1061,0.0303,0.2576,0.8636,1.8788,0.0909,0.6515,0.6515,0.6515,0.6818,0.3182,0.8636,0.7576,0.3636,2.9848,0.7879,7.591,0.3939,0,0,0,0,0,0,0,0,0,0,0,0,0,0,0,0,0,0,0,0,0,80593,4295,581,5069,377,21068,0,783,136,9,17,124,148,2248,329,404,187,12.5,1.6,6.2,0.5,25.7,0,1,0.2,0,0.1,0.2,0.2,2.7,0.4,0.5,0.2,County,State,Florida,FL,12087,Monroe County,1214,698,Monroe County,county,FL,FL,"Key West, FL",12,87,835370.7948,863512.0852,896985.5503,931334.8051,964495.886,991461.8184,1004849.837,1005284.096,998053.8618,992691.9994,989527.5258,986694.3676,6394,-7,Oscillating Cold Spot,10,43.33333333,-0.107411493,0.914462537,0,3,0,1,0.1,0.3,0,32186.9444,64749961.86,9.780309732,0.317395735,
34,52,12,43,295743,0500000US12043,12043,Glades,Glades County,FL,Florida,6,2089659352,467293938,12,Florida,FL,12043,Glades County,12043,"Glades County, Florida",806.8216551,12179,0,6554,33,4637,249,4021,570,206,118,1058,240,2573,370,2295,379,3266,142,1763,156,2110,239,199,108,665,304,5243,57,0,32,3331,344,229,140,91,62,1444,50,36.9,5.2,5.4,3,22.8,5,26.9,3.7,20.9,3.4,26.8,1.2,14.5,1.3,19.2,2.2,4.2,2.3,5.7,2.6,43,0.5,0,0.5,50.8,5.2,5,2.1,2,1.3,11.9,0.4,0.9242,0.5909,0.3485,0.9697,0.9848,3.8181,0.8939,0.803,0.0455,0.697,0.1515,0.8182,2.5152,0.5152,0.7576,0.7576,0.7576,0,1,0.9242,0.0152,0.8485,2.7879,0.5909,9.8788,0.8788,1,0,0,1,1,3,0,0,0,0,0,0,0,0,0,1,1,0,0,2,5,9088,1153,262,1847,14,2700,0,63,69,430,71,0,23,111,79,92,101,24.9,5.1,15.2,0.1,22.2,0,0.5,0.6,3.5,0.6,0,0.4,0.9,0.6,0.8,0.8,County,State,Florida,FL,12043,Glades County,1042,2337,Glades County,county,FL,FL,0,12,43,203352.0995,208723.9819,216110.8464,223621.054,230447.9532,236699.1669,241487.2206,244181.7915,244576.4202,244271.1354,243812.735,242811.5394,4703,0,No Pattern Detected,30,56.66666667,-0.465151758,0.641822784,0,1,0,1,0.033333333,0.179505494,0,32186.9444,64749961.86,2.276890761,0.232419072,
36,53,12,51,307626,0500000US12051,12051,Hendry,Hendry County,FL,Florida,6,2993896404,86578552,12,Florida,FL,12051,Hendry County,12051,"Hendry County, Florida",1155.949389,39902,0,15227,32,13289,365,14756,1251,1112,372,4059,589,7806,872,8489,1102,5340,138,10129,67,4797,659,1300,344,5051,828,28355,246,224,150,5173,641,510,238,976,355,2230,62,37.7,3.2,5.8,1.9,30.5,4.4,30.5,3.3,21.7,2.8,13.4,0.3,25.4,0.2,12.2,1.7,9.8,2.6,13.6,2.2,71.1,0.6,1.5,1,34,4.2,3.8,1.6,7.3,2.7,5.6,0.2,0.9545,0.6818,0.8485,1,1,4.4848,1,0.0303,0.9848,0.1515,0.9848,0.9848,3.1362,0.9394,0.9697,0.9697,0.9697,0.2879,0.7121,0.803,0.9091,0.5909,3.303,0.9545,11.8937,0.9848,1,0,0,1,1,3,0,1,0,1,1,3,1,1,0,0,0,1,0,1,8,38060,2578,429,4129,173,22789,0,373,30,465,66,0,31,599,347,0,31,19.4,3.3,10.3,0.4,57.1,0,0.9,0.1,1.2,0.2,0,0.1,1.5,0.9,0,0.1,County,State,Florida,FL,12051,Hendry County,1093,1214,Hendry County,county,FL,FL,"Clewiston, FL",12,51,213308.2875,218714.9854,224977.9694,230645.0567,236134.6907,241224.0453,245634.5772,248365.1455,249728.9682,250548.6003,250661.6114,250032.4776,5151,-7,Oscillating Cold Spot,13.33333333,60,-0.590794771,0.554657942,0,1,0,1,0.033333333,0.179505494,0,32186.9444,64749961.86,2.751561843,0.279019803,
20,54,12,3,306920,0500000US12003,12003,Baker,Baker County,FL,Florida,6,1515738969,9686120,12,Florida,FL,12003,Baker County,12003,"Baker County, Florida",585.2298482,27969,0,9890,37,9004,228,5346,1094,595,258,1843,398,2812,467,2805,666,4170,181,6575,88,3822,396,641,260,92,146,6127,354,59,79,3446,467,198,119,363,157,2970,62,21.5,4.4,4.9,2.1,20.5,4.4,14.9,2.5,11.3,2.7,14.9,0.6,23.5,0.3,15.4,1.6,7.1,2.9,0.3,0.6,21.9,1.3,0.6,0.8,34.8,4.7,2.2,1.2,4,1.7,10.6,0.2,0.3939,0.4545,0.1667,0.6515,0.3636,2.0302,0.2727,0.1212,0.9545,0.3636,0.7424,0.0152,2.1969,0.2576,0.1667,0.1667,0.1667,0.0909,0.7424,0.4848,0.2273,0.803,2.3484,0.3485,6.7422,0.2273,0,0,0,0,0,0,0,1,0,0,0,1,0,0,0,0,0,0,0,0,1,24508,1237,292,3217,305,883,0,195,69,51,64,0,28,1770,467,11,22,13.7,3.2,11.5,1.1,3.2,0,0.7,0.2,0.2,0.2,0,0.2,6.3,1.7,0,0.1,County,State,Florida,FL,12003,Baker County,378,1544,Baker County,county,FL,FL,"Jacksonville, FL",12,3,281079.3869,285657.5149,290788.234,296782.4395,302421.2835,307492.5198,309404.085,309249.7695,307387.3442,305933.3811,304863.0572,303446.2849,593,7,Oscillating Hot Spot,30,23.33333333,3.725987404,0.000194552,3,2,0,1,0.066666667,0.249443826,0,32186.9444,64749961.86,1.713377314,0.143024953,
16,56,12,85,308550,0500000US12085,12085,Martin,Martin County,FL,Florida,6,1408493389,542089457,12,Florida,FL,12085,Martin County,12085,"Martin County, Florida",543.8221145,159399,0,81593,69,66724,950,26747,2001,3083,480,16449,1017,9404,856,15042,1377,50676,91,25580,0,22202,1280,2177,327,3596,789,37122,548,11881,874,7447,685,699,246,3241,475,4033,40,17.2,1.3,4.4,0.7,24.7,1.5,7.6,0.7,9.6,0.9,31.8,0.1,16,0,14.2,0.8,3.3,0.5,2.3,0.5,23.3,0.3,14.6,1.1,9.1,0.8,1,0.3,4.9,0.7,2.5,0,0.1212,0.2576,0.4848,0.1667,0.1364,1.1667,0.1061,0.8939,0.1515,0.2727,0.0455,0.6061,1.9697,0.1212,0.2424,0.2424,0.2424,0.7576,0.3485,0.0303,0.4697,0.4848,2.0909,0.2727,5.4697,0.1212,0,0,0,0,0,0,0,0,0,0,0,0,0,0,0,0,0,0,0,0,0,171799,6275,709,7935,382,22778,0,2359,195,126,108,3,9,3363,559,558,367,9.4,1.1,5,0.2,14.3,0,1.5,0.1,0.1,0.1,0,0.1,2.1,0.4,0.4,0.2,County,State,Florida,FL,12085,Martin County,1176,424,Martin County,county,FL,FL,"Port St. Lucie, FL",12,85,393073.5909,403540.4028,416470.6985,430763.0491,444689.4806,456089.0304,462690.3027,464818.975,463655.8562,462507.9719,462163.6314,462702.8987,4710,-7,Oscillating Cold Spot,13.33333333,66.66666667,0.488893029,0.624917433,0,1,0,1,0.033333333,0.179505494,0,32186.9442,64749961.06,2.035874501,0.159830692,
41,59,12,86,295755,0500000US12086,12086,Miami-Dade,Miami-Dade County,FL,Florida,6,4920781679,1267531174,12,Florida,FL,12086,Miami-Dade County,12086,"Miami-Dade County, Florida",1899.923649,2688237,0,1075278,339,952680,2932,695047,12966,64439,2723,378254,5540,332566,6277,400515,8501,446559,82,540286,60,271544,5033,69897,2417,522116,7588,2337839,1672,423309,4565,13897,1143,62185,2352,92824,2837,46707,486,26.3,0.5,4.6,0.2,39.7,0.6,17.3,0.3,15,0.3,16.6,0.1,20.1,0.1,10.2,0.2,7.4,0.3,20.6,0.3,87,0.1,39.3,0.4,1.3,0.1,6.5,0.2,9.7,0.3,1.7,0,0.6061,0.3182,1,0.7424,0.803,3.4697,0.8636,0.2273,0.5909,0,0.7879,1,2.6061,0.6061,1,1,1,1,0,0.9848,0.9848,0.2727,3.2423,0.9242,10.3181,0.8939,0,0,1,0,0,1,0,0,0,0,1,1,1,1,1,0,1,1,0,3,6,2655208,146223,3333,399445,2378,1848739,0,39384,802,1832,265,483,177,37363,2660,10593,1295,15.3,0.4,14.9,0.1,68.8,0,1.5,0.1,0.1,0.1,0,0.1,1.4,0.1,0.4,0.1,County,State,Florida,FL,12086,Miami-Dade County,2964,7,Miami-Dade County,county,FL,FL,"Miami-Fort Lauderdale-Pompano Beach, FL",12,86,404089.2273,413937.0966,425801.7217,437344.4458,447666.4285,456762.5064,463917.8758,468927.2186,471522.9831,473205.6463,474653.7635,476385.5922,6220,-7,Oscillating Cold Spot,3.333333333,53.33333333,-0.285729472,0.775085331,0,2,0,1,0.066666667,0.249443826,0,32186.9444,64749961.86,4.592382766,0.469863168,
2,60,12,59,295735,0500000US12059,12059,Holmes,Holmes County,FL,Florida,6,1240232909,26393540,12,Florida,FL,12059,Holmes County,12059,"Holmes County, Florida",478.856407,19529,0,8635,22,7069,221,5258,693,373,138,1392,256,2441,412,2903,451,3946,69,3996,61,3353,320,502,207,138,111,2891,136,58,53,3155,356,189,88,364,102,1724,34,29.6,3.9,4.7,1.7,19.7,3.6,17.3,2.9,16.3,2.5,20.2,0.4,20.5,0.3,18.8,1.8,7.1,2.9,0.7,0.6,14.8,0.7,0.6,0.6,36.5,4.1,2.7,1,5.1,1.4,8.8,0.2,0.7576,0.3636,0.1061,0.7424,0.8939,2.8636,0.6515,0.4697,0.6515,0.6515,0.7424,0.1061,2.6212,0.6364,0.0303,0.0303,0.0303,0.0909,0.7727,0.6061,0.5152,0.7576,2.7425,0.5758,8.2576,0.5455,0,0,0,0,0,0,0,0,0,0,0,0,0,0,0,0,0,0,0,0,0,16868,1674,245,1269,120,631,0,125,82,122,107,48,46,671,227,25,40,23.7,3.3,6.5,0.6,3.2,0,0.6,0.4,0.6,0.5,0.2,0.2,3.4,1.2,0.1,0.2,County,State,Florida,FL,12059,Holmes County,1094,1898,Holmes County,county,FL,FL,0,12,59,174262.5271,177639.9201,182078.5763,186466.7144,190315.172,194474.4054,196279.8122,196274.5157,193467.5477,190047.479,185760.8514,181977.1635,285,-7,Oscillating Cold Spot,16.66666667,43.33333333,-1.922406671,0.054554607,-1,1,0,1,0.033333333,0.179505494,0,32186.9444,64749961.86,1.750198794,0.119470249,
14,61,12,35,308547,0500000US12035,12035,Flagler,Flagler County,FL,Florida,6,1259229649,219207667,12,Florida,FL,12035,Flagler County,12035,"Flagler County, Florida",486.1910856,117515,0,56326,52,47549,607,20229,1794,1887,376,12906,1009,7037,853,13209,1466,36297,66,19306,33,17989,1227,2036,387,2660,632,31319,459,3887,477,2237,342,315,127,1703,367,715,18,17.4,1.5,3.8,0.7,27.1,2.1,7.7,0.9,11.3,1.3,30.9,0.1,16.4,0.1,15.4,1,4.2,0.8,2.3,0.6,26.7,0.4,6.9,0.8,4,0.6,0.6,0.2,3.6,0.8,0.6,0,0.1515,0.1212,0.6364,0.1818,0.3636,1.4545,0.1515,0.8788,0.1667,0.3636,0.1515,0.6061,2.1667,0.2273,0.3485,0.3485,0.3485,0.5909,0.0758,0,0.1364,0.0152,0.8183,0,4.788,0.0909,0,0,0,0,0,0,0,0,0,0,0,0,0,0,0,0,0,0,0,0,0,96697,8459,823,10770,448,13212,0,2776,363,163,116,132,173,3854,577,412,334,17.8,1.7,9.2,0.4,11.2,0,2.4,0.3,0.1,0.1,0.1,0.1,3.3,0.5,0.4,0.3,County,State,Florida,FL,12035,Flagler County,1707,547,Flagler County,county,FL,FL,"Deltona-Daytona Beach-Ormond Beach, FL",12,35,347669.9029,354812.2744,363156.7976,372163.9447,380948.0726,388780.4783,393769.1424,395464.9065,394217.5317,391569.8425,388657.0901,385563.7695,1675,0,No Pattern Detected,6.666666667,40,1.884033295,0.059560472,1,2,0,1,0.066666667,0.249443826,0,32186.9444,64749961.86,1.566580189,0.122240207,
7,62,12,133,295762,0500000US12133,12133,Washington,Washington County,FL,Florida,6,1514305979,81008171,12,Florida,FL,12133,Washington County,12133,"Washington County, Florida",584.6765671,25014,0,10874,52,9095,296,7948,835,433,164,1960,343,3087,451,3231,560,4363,53,4991,29,4573,534,841,222,223,162,5917,133,90,51,4037,343,178,91,263,115,2754,45,35.8,3.8,4.8,1.8,21.6,3.7,16.9,2.5,14.4,2.5,17.4,0.2,20,0.1,20.4,2.4,9.2,2.4,0.9,0.7,23.7,0.5,0.8,0.5,37.1,3.2,2,0.8,2.9,1.2,11,0.2,0.9091,0.4242,0.2727,0.7273,0.7727,3.106,0.8182,0.2727,0.5758,0.8485,0.9697,0.2121,2.8788,0.7879,0.2576,0.2576,0.2576,0.1818,0.7879,0.303,0.0455,0.8333,2.1515,0.3182,8.3939,0.5758,1,0,0,0,0,1,0,0,0,1,0,1,0,0,0,0,0,0,0,0,2,22407,1530,264,3495,195,1090,0,251,27,274,78,0,28,794,221,13,21,16.8,2.8,14,0.8,4.4,0,1,0.1,1.1,0.3,0,0.2,3.2,0.9,0.1,0.1,County,State,Florida,FL,12133,Washington County,3050,1653,Washington County,county,FL,FL,0,12,133,195122.0667,198316.5768,202587.1536,206729.18,210270.2089,213609.9788,215136.6432,215168.9249,213790.4236,212868.354,211902.5325,211149.2568,285,-7,Oscillating Cold Spot,16.66666667,43.33333333,-1.922406671,0.054554607,-1,1,0,1,0.033333333,0.179505494,0,32186.9444,64749961.86,2.324256932,0.150057818,
5,63,12,67,295732,0500000US12067,12067,Lafayette,Lafayette County,FL,Florida,6,1407256302,11817999,12,Florida,FL,12067,Lafayette County,12067,"Lafayette County, Florida",543.3444727,8107,0,3403,171,2555,242,2392,597,272,138,478,163,1260,214,1010,337,1553,186,1476,162,1409,355,94,65,154,138,2474,276,27,29,1362,265,141,95,47,37,1357,33,35.4,8.8,8.6,4.5,18.7,6.1,21.5,3.8,15.1,5.1,19.2,2.3,18.2,2,21,5.3,3.7,2.5,2,1.8,30.5,3.4,0.8,0.9,40,7.9,5.6,2.8,1.8,1.5,16.7,0.4,0.8788,0.9242,0.0455,0.9091,0.8182,3.5758,0.8788,0.3636,0.3333,0.8939,0.0909,0.5606,2.2423,0.3485,0.5455,0.5455,0.5455,0.1818,0.8636,0.9394,0,0.9394,2.9242,0.7576,9.2878,0.8333,0,1,0,1,0,2,0,0,0,0,0,0,0,0,0,0,1,0,1,2,4,6682,358,155,1262,216,1082,207,2,5,0,21,0,21,128,135,0,21,14,5.7,15.6,2.7,13.3,2.5,0,0.1,0,0.6,0,0.6,1.6,1.7,0,0.6,County,State,Florida,FL,12067,Lafayette County,2769,2631,Lafayette County,county,FL,FL,0,12,67,229718.1049,233306.5665,236733.2001,240613.5269,245662.7136,251241.1047,253725.9096,252500.1463,248673.4256,244937.12,241178.6469,237877.3079,1205,-6,Sporadic Cold Spot,0,50,-0.846728129,0.397146685,0,2,0,1,0.066666667,0.249443826,0,32186.9444,64749961.86,1.868433064,0.132641475,
14,64,12,93,295760,0500000US12093,12093,Okeechobee,Okeechobee County,FL,Florida,6,1992442653,317924583,12,Florida,FL,12093,Okeechobee County,12093,"Okeechobee County, Florida",769.2860932,39870,0,18496,43,14919,390,11107,1221,1006,312,3606,477,5699,526,6653,994,7704,123,8515,85,6680,746,1103,329,1546,347,15246,90,428,300,6933,468,716,214,471,138,2715,69,30,3.3,6.1,1.9,24.2,3.1,20.1,1.9,17.9,2.7,19.3,0.3,21.4,0.2,17.9,2,7.4,2.2,4.1,0.9,38.2,0.2,2.3,1.6,37.5,2.5,4.8,1.2,3.2,0.9,6.8,0.2,0.7727,0.8182,0.4545,0.8788,0.9394,3.8636,0.9242,0.3939,0.7727,0.5758,0.7879,0.7879,3.3182,0.9697,0.6818,0.6818,0.6818,0.3485,0.8182,0.8939,0.0758,0.6818,2.8182,0.6667,10.6818,0.9242,0,0,0,0,1,1,0,0,0,0,0,0,0,0,0,0,0,0,0,0,1,35924,2817,424,3068,220,10661,0,343,79,58,41,7,11,935,213,174,130,18.9,2.8,7.7,0.6,26.7,0,0.9,0.2,0.1,0.1,0,0.1,2.3,0.5,0.4,0.3,County,State,Florida,FL,12093,Okeechobee County,2990,1208,Okeechobee County,county,FL,FL,"Okeechobee, FL",12,93,217167.5626,221317.5469,226173.3524,231982.8655,238163.4472,244686.6614,249326.268,251588.9816,251616.638,251050.6549,250769.0381,250299.9303,4169,-7,Oscillating Cold Spot,30,56.66666667,0,1,0,14,0,3,0.466666667,0.805536398,0,32186.9444,64749961.86,2.595071,0.210671991,
36,65,12,99,295761,0500000US12099,12099,Palm Beach,Palm Beach County,FL,Florida,6,5087491664,1084969367,12,Florida,FL,12099,Palm Beach County,12099,"Palm Beach County, Florida",1964.290705,1494805,0,708303,249,589594,2337,283878,7933,42825,2193,187889,3856,121167,3320,200159,5163,365029,57,281121,121,183259,3412,31422,1669,106381,3832,721646,2883,177202,2966,19079,1151,19099,1333,35402,1855,24897,356,19.3,0.5,5.8,0.3,31.9,0.6,11,0.3,13.5,0.3,24.4,0.1,18.8,0.1,12.4,0.2,5.3,0.3,7.5,0.3,48.3,0.2,25,0.4,2.7,0.2,3.3,0.2,6,0.3,1.7,0,0.2727,0.6818,0.9091,0.5,0.6818,3.0454,0.7424,0.697,0.4242,0.1667,0.3939,0.9545,2.6363,0.6667,0.8636,0.8636,0.8636,0.9545,0.0303,0.7273,0.697,0.2727,2.6818,0.5455,9.2271,0.803,0,0,1,0,0,1,0,0,0,0,1,1,0,0,1,0,0,0,0,1,3,1457887,62573,2284,270090,2600,350700,0,41602,916,836,212,638,200,48334,4047,9446,1575,10.6,0.4,18.1,0.2,23.5,0,2.8,0.1,0.1,0.1,0,0.1,3.2,0.3,0.6,0.1,County,State,Florida,FL,12099,Palm Beach County,2993,25,Palm Beach County,county,FL,FL,"Miami-Fort Lauderdale-Pompano Beach, FL",12,99,395329.8911,405106.3417,417149.9453,430155.9292,443264.0885,454537.6589,461947.3291,465384.3617,465546.5738,465067.0757,464463.9254,464024.3766,4977,-7,Oscillating Cold Spot,10,66.66666667,0.935003817,0.349786344,0,1,0,1,0.033333333,0.179505494,0,32186.9442,64749961.06,2.954881869,0.522733748,
16,66,12,115,295741,0500000US12115,12115,Sarasota,Sarasota County,FL,Florida,6,1440049637,1086618344,12,Florida,FL,12115,Sarasota County,12115,"Sarasota County, Florida",556.006043,439392,0,254601,106,199345,1689,61236,3303,6389,742,51101,2035,20782,1533,44424,2538,163928,34,61315,27,65615,1989,6863,797,7531,914,81565,780,42591,1370,21197,994,2571,437,8837,838,7743,160,14.2,0.8,3.4,0.4,25.6,1,5.9,0.4,10.2,0.6,37.3,0.1,14,0.1,15.1,0.5,3.5,0.4,1.8,0.2,18.6,0.2,16.7,0.5,8.3,0.4,1.3,0.2,4.4,0.4,1.8,0,0.0303,0.0455,0.5606,0.0152,0.2121,0.8637,0.0606,0.9697,0.0303,0.3333,0.0606,0.5152,1.9091,0.1061,0.1212,0.1212,0.1212,0.803,0.2727,0.1212,0.3182,0.303,1.8181,0.197,4.7121,0.0758,0,0,0,0,0,0,1,0,0,0,0,1,0,0,0,0,0,0,0,0,1,457674,19011,1114,17886,768,43353,0,7763,426,563,151,133,39,10423,966,1444,460,9.5,0.5,4.1,0.2,9.9,0,1.8,0.1,0.1,0.1,0,0.1,2.4,0.2,0.3,0.1,County,State,Florida,FL,12115,Sarasota County,2528,164,Sarasota County,county,FL,FL,"North Port-Sarasota-Bradenton, FL",12,115,393617.5251,405389.164,420329.3664,436123.4803,451276.9729,463766.3363,471225.634,473363.6372,471283.2214,468327.4965,466010.1394,464263.1371,4600,-7,Oscillating Cold Spot,20,50,-0.018063769,0.985587981,0,1,0,1,0.033333333,0.179505494,0,32186.9444,64749961.86,1.888549477,0.1428277,
13,67,12,19,295726,0500000US12019,12019,Clay,Clay County,FL,Florida,6,1565900896,100869769,12,Florida,FL,12019,Clay County,12019,"Clay County, Florida",604.5974658,219650,0,85593,73,79704,770,36202,3547,4676,686,17393,1346,11348,1107,18883,1826,36299,52,50346,83,28849,1589,4953,737,3002,701,65818,522,3934,554,10665,937,1623,467,2898,578,1737,18,16.7,1.6,4.3,0.6,21.8,1.7,7.5,0.7,8.7,0.8,16.5,0.1,22.9,0.1,13.4,0.7,6.2,0.9,1.4,0.3,30,0.2,4.6,0.6,12.5,1.1,2,0.5,3.6,0.7,0.8,0,0.1061,0.1818,0.303,0.1212,0.1061,0.8182,0.0455,0.2121,0.9394,0.2121,0.5303,0.4242,2.3181,0.3939,0.5152,0.5152,0.5152,0.5,0.4091,0.303,0.1364,0.0303,1.3788,0.0455,5.0303,0.1061,0,0,0,0,0,0,0,1,0,0,0,1,0,0,0,0,0,0,0,0,1,166530,4826,621,24542,1213,23711,0,6240,510,87,52,45,61,9708,1063,1485,810,6.1,0.8,11.2,0.6,10.8,0,2.8,0.2,0,0.1,0,0.1,4.4,0.5,0.7,0.4,County,State,Florida,FL,12019,Clay County,118,316,Clay County,county,FL,FL,"Jacksonville, FL",12,19,305483.7055,312551.1718,320697.3274,329214.7203,337164.1647,344290.066,349047.6553,351666.5728,352113.0601,351696.1081,350809.8897,349309.2572,1044,0,No Pattern Detected,13.33333333,36.66666667,3.248411845,0.001160512,3,2,0,1,0.066666667,0.249443826,0,32186.9444,64749961.86,1.775197862,0.155784151,
8,55,12,109,308371,0500000US12109,12109,St. Johns,St. Johns County,FL,Florida,6,1555652804,572113480,12,Florida,FL,12109,St. Johns County,12109,"St. Johns County, Florida",600.6406601,278722,0,120920,81,102056,1095,32384,2462,5980,872,21690,1507,9926,1306,19826,1905,57756,71,59977,0,29161,2077,4397,653,2755,674,55831,1026,10649,853,6702,701,1017,320,2427,490,3034,85,11.8,0.9,4.4,0.6,21.3,1.5,5,0.7,7.2,0.7,20.7,0.1,21.5,0,10.5,0.8,4.3,0.6,1,0.3,20,0.4,8.8,0.7,5.5,0.6,1,0.3,2.4,0.5,1.1,0,0,0.2576,0.2273,0,0.0303,0.5152,0,0.5,0.7879,0.0152,0.197,0.2727,1.7728,0.0455,0.1364,0.1364,0.1364,0.6061,0.1364,0.0303,0.0303,0.1364,0.9395,0.0152,3.3639,0,0,0,0,0,0,0,0,0,0,0,0,0,0,0,0,0,0,0,0,0,0,239131,7252,720,14605,624,22235,0,8650,485,209,134,174,162,8732,1154,1226,451,7.1,0.7,5.2,0.2,8,0,3.1,0.2,0.1,0.1,0.1,0.1,3.1,0.4,0.4,0.2,County,State,Florida,FL,12109,St. Johns County,,,,,,,,,,,,,,,,,,,,,,961,0,No Pattern Detected,0,46.66666667,0.307219269,0.75867648,0,1,0,1,0.033333333,0.179505494,0,32186.9444,64749961.86,2.041936514,0.162926598,
5,57,12,111,308372,0500000US12111,12111,St. Lucie,St. Lucie County,FL,Florida,6,1481145187,300766786,12,Florida,FL,12111,St. Lucie County,12111,"St. Lucie County, Florida",571.8731213,334682,0,150054,114,126443,1137,73144,4738,9213,1290,37916,1925,27952,1983,41761,3179,81565,95,65662,14,50566,2617,8391,929,9777,1599,154708,1188,16166,1109,10475,727,2472,504,5744,834,3291,265,22.1,1.4,6,0.8,30,1.5,11.4,0.8,12.6,1,24.4,0.1,19.6,0.1,15.2,0.8,6.7,0.7,3.1,0.5,46.2,0.4,10.7,0.7,7,0.5,2,0.3,4.5,0.7,1,0.1,0.4091,0.803,0.803,0.5152,0.5455,3.0758,0.7576,0.697,0.5152,0.3485,0.6364,0.7576,2.9547,0.8182,0.8485,0.8485,0.8485,0.6364,0.197,0.303,0.3333,0.0909,1.5606,0.0758,8.4396,0.5909,0,0,0,0,0,0,0,0,0,0,0,0,0,0,0,0,0,0,0,0,0,286259,11314,1253,66174,1416,69088,0,6624,331,432,150,149,61,10421,1639,1820,918,8.9,1,19.8,0.4,20.6,0,2,0.1,0.1,0.1,0,0.1,3.1,0.5,0.5,0.3,County,State,Florida,FL,12111,St. Lucie County,,,,,,,,,,,,,,,,,,,,,,4353,-7,Oscillating Cold Spot,23.33333333,56.66666667,-0.08946658,0.928711112,0,1,0,1,0.033333333,0.179505494,0,32186.9444,64749961.86,1.588797789,0.144521797,
14,58,12,27,294452,0500000US12027,12027,DeSoto,DeSoto County,FL,Florida,6,1649031786,6243548,12,Florida,FL,12027,DeSoto County,12027,"DeSoto County, Florida",636.694471,34258,0,15567,79,12340,392,13082,1316,1331,556,2957,443,6720,639,6388,836,7630,103,6261,20,6209,689,1019,242,1890,458,15790,89,340,149,4781,408,750,224,765,205,3176,143,40.1,4,9.7,4,24,3.5,26.9,2.5,19.6,2.6,22.3,0.3,18.3,0.1,19,2.1,8.3,1.9,5.8,1.4,46.1,0.3,2.1,1,30.7,2.6,6,1.4,6.2,1.6,9.3,0.4,0.9848,1,0.4394,0.9697,0.9545,4.3484,0.9848,0.5606,0.3485,0.6667,0.9242,0.8485,3.3485,0.9848,0.8333,0.8333,0.8333,0.3182,0.697,0.9545,0.7273,0.7879,3.4849,0.9848,12.0151,1,1,1,0,1,1,4,0,0,0,1,0,1,0,0,0,0,1,0,0,1,6,30087,2946,378,4180,215,10979,0,54,68,52,24,4,8,459,211,62,70,23.9,2.9,12.2,0.6,32,0,0.2,0.2,0.2,0.1,0,0.1,1.3,0.6,0.2,0.2,County,State,Florida,FL,12027,Desoto County,,,,,,,,,,,,,,,,,,,,,,4514,-7,Oscillating Cold Spot,26.66666667,56.66666667,-0.447667462,0.654393209,0,3,0,2,0.1,0.395811403,0,32186.9444,64749961.86,1.60368645,0.150701025,
